StartDate,EndDate,Status,IPAddress,Progress,Duration (in seconds),Finished,RecordedDate,ResponseId,RecipientLastName,RecipientFirstName,RecipientEmail,ExternalReference,LocationLatitude,LocationLongitude,DistributionChannel,UserLanguage,Q37,Q38,Q39,Q40,Q41,Check1_1,Check1_2,Check1_3,Check1_4,Check1_5,Check1_6,SNorm_Conj_Billy1_1,SNorm_Conj_Suzy1_1,SNorm_Conjunctive1_1,Q52_First Click,Q52_Last Click,Q52_Page Submit,Q52_Click Count,SNorm_Conj_Exp1,Q53_First Click,Q53_Last Click,Q53_Page Submit,Q53_Click Count,SNorm_Disj_Billy1_1,SNorm_Disj_Suzy1_1,SNorm_Disjunctive1_1,Q87_First Click,Q87_Last Click,Q87_Page Submit,Q87_Click Count,SNorm_Disj_Exp1,Q90_First Click,Q90_Last Click,Q90_Page Submit,Q90_Click Count,SNorm_Disj_Billy2_1,SNorm_Disj_Suzy2_1,SNorm_Disjunctive2_1,Q126_First Click,Q126_Last Click,Q126_Page Submit,Q126_Click Count,SNorm_Disj_Exp2,Q131_First Click,Q131_Last Click,Q131_Page Submit,Q131_Click Count,SNorm_Conj_Billy2_1,SNorm_Conj_Suzy2_1,SNorm_Conjunctive2_1,Q128_First Click,Q128_Last Click,Q128_Page Submit,Q128_Click Count,SNorm_Conj_Exp2,Q122_First Click,Q122_Last Click,Q122_Page Submit,Q122_Click Count,SSelected_ConjLeft_1,SSelected_ConjRight_1,Check2_1,Check2_2,Check2_3,Check2_4,Check2_5,Check2_6,BNorm_Disj_Billy1_1,BNorm_Disj_Suzy1_1,BNorm_Disjunctive1_1,Q140_First Click,Q140_Last Click,Q140_Page Submit,Q140_Click Count,BNorm_Disj_Exp1,Q143_First Click,Q143_Last Click,Q143_Page Submit,Q143_Click Count,BNorm_Conj_Billy1_1,BNorm_Conj_Suzy1_1,BNorm_Conjunctive1_1,Q148_First Click,Q148_Last Click,Q148_Page Submit,Q148_Click Count,BNorm_Conj_Exp1,Q151_First Click,Q151_Last Click,Q151_Page Submit,Q151_Click Count,BNorm_Conj_Billy2_1,BNorm_Conj_Suzy2_1,BNorm_Conjunctive2_1,45_First Click,45_Last Click,45_Page Submit,45_Click Count,BNorm_Conj_Exp2,Q162_First Click,Q162_Last Click,Q162_Page Submit,Q162_Click Count,BNorm_Disj_Billy2_1,BNorm_Disj_Suzy2_1,BNorm_Disjunctive2_1,S89_First Click,S89_Last Click,S89_Page Submit,S89_Click Count,BNorm_Disj_Exp2,Q171_First Click,Q171_Last Click,Q171_Page Submit,Q171_Click Count,BSelected_ConjLeft_1,BSelected_ConjRight_1,Feedback,Age,Age_1_TEXT,Gender,Race,Race_1_TEXT,Ethnicity,NormCondition,Structure
Start Date,End Date,Response Type,IP Address,Progress,Duration (in seconds),Finished,Recorded Date,Response ID,Recipient Last Name,Recipient First Name,Recipient Email,External Data Reference,Location Latitude,Location Longitude,Distribution Channel,User Language,"Are you a bot?

 

Liam says to Emma: ""It's a beautiful day, isn't it?""
 

Who is Liam talking to? (case sensitive)","Are you a bot?

 

Mia says to Benjamin: ""It's a beautiful day, isn't it?""
 

Who is Mia talking to? (case sensitive)","Are you a bot?

 

William says to Ava: ""It's a beautiful day, isn't it?""
 

Who is William talking to? (case sensitive)","Are you a bot?

 

Amelia says to Noah: ""It's a beautiful day, isn't it?""
 

Who is Amelia talking to? (case sensitive)","Are you a bot?

 

Evelyn says to James: ""It's a beautiful day, isn't it?""
 

Who is Evelyn talking to? (case sensitive)",Check1_1,Check1_2,Check1_3,Check1_4,Check1_5,Check1_6,"How much do you agree with the following statements?

 

                       ""Billy is allowed to come into the office at 9am the next morning"".","""Suzy is allowed to come into the office at 9am the next morning"".","""If only one of the two employees enters the office, the motion detector will go off.""",Timing - First Click,Timing - Last Click,Timing - Page Submit,Timing - Click Count,Which of the following statements better describes what has happened in this situation?,Timing - First Click,Timing - Last Click,Timing - Page Submit,Timing - Click Count,"How much do you agree with the following statements?

 

                       ""Billy is allowed to come into the office at 9am the next morning"".","""Suzy is allowed to come into the office at 9am the next morning"".","""If only one of the two employees enters the office, the motion detector will go off.""",Timing - First Click,Timing - Last Click,Timing - Page Submit,Timing - Click Count,Which of the following statements better describes what has happened in this situation?,Timing - First Click,Timing - Last Click,Timing - Page Submit,Timing - Click Count,"How much do you agree with the following statements?

 

                       ""Billy is allowed to come into the office at 9am the next morning"".","""Suzy is allowed to come into the office at 9am the next morning"".","""If only one of the two employees enters the office, the motion detector will go off.""",Timing - First Click,Timing - Last Click,Timing - Page Submit,Timing - Click Count,Which of the following statements better describes what has happened in this situation?,Timing - First Click,Timing - Last Click,Timing - Page Submit,Timing - Click Count,"How much do you agree with the following statements?

 

                       ""Billy is allowed to come into the office at 9am the next morning"".","""Suzy is allowed to come into the office at 9am the next morning"".","""If only one of the two employees enters the office, the motion detector will go off.""",Timing - First Click,Timing - Last Click,Timing - Page Submit,Timing - Click Count,Which of the following statements better describes what has happened in this situation?,Timing - First Click,Timing - Last Click,Timing - Page Submit,Timing - Click Count,"Given Ben's decision, which of these two scenes did he see?","Given Ben's decision, which of these two scenes did he see?",Check2_1,Check2_2,Check2_3,Check2_4,Check2_5,Check2_6,"How much do you agree with the following statements?

 

                    ""Billy is allowed to come into the office at 9am the next morning"".","""Suzy is allowed to come into the office at 9am the next morning"".","""If only one of the two employees enters the office, the motion detector will go off.""",Timing - First Click,Timing - Last Click,Timing - Page Submit,Timing - Click Count,Which of the following statements better describes what has happened in this situation?,Timing - First Click,Timing - Last Click,Timing - Page Submit,Timing - Click Count,"How much do you agree with the following statements?

 

                    ""Billy is allowed to come into the office at 9am the next morning"".","""Suzy is allowed to come into the office at 9am the next morning"".","""If only one of the two employees enters the office, the motion detector will go off.""",Timing - First Click,Timing - Last Click,Timing - Page Submit,Timing - Click Count,Which of the following statements better describes what has happened in this situation?,Timing - First Click,Timing - Last Click,Timing - Page Submit,Timing - Click Count,"How much do you agree with the following statements?

 

                       ""Billy is allowed to come into the office at 9am the next morning"".","""Suzy is allowed to come into the office at 9am the next morning"".","""If only one of the two employees enters the office, the motion detector will go off.""",Timing - First Click,Timing - Last Click,Timing - Page Submit,Timing - Click Count,Which of the following statements better describes what has happened in this situation?,Timing - First Click,Timing - Last Click,Timing - Page Submit,Timing - Click Count,"How much do you agree with the following statements?

 

                       ""Billy is allowed to come into the office at 9am the next morning"".","""Suzy is allowed to come into the office at 9am the next morning"".","""If only one of the two employees enters the office, the motion detector will go off.""",Timing - First Click,Timing - Last Click,Timing - Page Submit,Timing - Click Count,Which of the following statements better describes what has happened in this situation?,Timing - First Click,Timing - Last Click,Timing - Page Submit,Timing - Click Count,"Given Ben's decision, which of these two scenes did he see?","Given Ben's decision, which of these two scenes did he see?","Thank you for answering these questions. 

 

What factors influenced your decision about which of the two scenes was more likely? Do you have any other comments about the experiment?","Please provide the following demographic information to complete the study. 
 

1. My age is: - Selected Choice","Please provide the following demographic information to complete the study. 
 

1. My age is: - My age in years is - Text",2. Gender,3. Race - Selected Choice,3. Race - I am - Text,Ethnicity,NormCondition,Structure
"{""ImportId"":""startDate"",""timeZone"":""Europe/London""}","{""ImportId"":""endDate"",""timeZone"":""Europe/London""}","{""ImportId"":""status""}","{""ImportId"":""ipAddress""}","{""ImportId"":""progress""}","{""ImportId"":""duration""}","{""ImportId"":""finished""}","{""ImportId"":""recordedDate"",""timeZone"":""Europe/London""}","{""ImportId"":""_recordId""}","{""ImportId"":""recipientLastName""}","{""ImportId"":""recipientFirstName""}","{""ImportId"":""recipientEmail""}","{""ImportId"":""externalDataReference""}","{""ImportId"":""locationLatitude""}","{""ImportId"":""locationLongitude""}","{""ImportId"":""distributionChannel""}","{""ImportId"":""userLanguage""}","{""ImportId"":""QID37_TEXT""}","{""ImportId"":""QID38_TEXT""}","{""ImportId"":""QID39_TEXT""}","{""ImportId"":""QID40_TEXT""}","{""ImportId"":""QID41_TEXT""}","{""ImportId"":""QID61""}","{""ImportId"":""QID109""}","{""ImportId"":""QID63""}","{""ImportId"":""QID64""}","{""ImportId"":""QID35""}","{""ImportId"":""QID67""}","{""ImportId"":""QID22_1""}","{""ImportId"":""QID23_1""}","{""ImportId"":""QID24_1""}","{""ImportId"":""QID59_FIRST_CLICK""}","{""ImportId"":""QID59_LAST_CLICK""}","{""ImportId"":""QID59_PAGE_SUBMIT""}","{""ImportId"":""QID59_CLICK_COUNT""}","{""ImportId"":""QID26""}","{""ImportId"":""QID60_FIRST_CLICK""}","{""ImportId"":""QID60_LAST_CLICK""}","{""ImportId"":""QID60_PAGE_SUBMIT""}","{""ImportId"":""QID60_CLICK_COUNT""}","{""ImportId"":""QID84_1""}","{""ImportId"":""QID85_1""}","{""ImportId"":""QID86_1""}","{""ImportId"":""QID87_FIRST_CLICK""}","{""ImportId"":""QID87_LAST_CLICK""}","{""ImportId"":""QID87_PAGE_SUBMIT""}","{""ImportId"":""QID87_CLICK_COUNT""}","{""ImportId"":""QID89""}","{""ImportId"":""QID90_FIRST_CLICK""}","{""ImportId"":""QID90_LAST_CLICK""}","{""ImportId"":""QID90_PAGE_SUBMIT""}","{""ImportId"":""QID90_CLICK_COUNT""}","{""ImportId"":""QID125_1""}","{""ImportId"":""QID126_1""}","{""ImportId"":""QID127_1""}","{""ImportId"":""QID133_FIRST_CLICK""}","{""ImportId"":""QID133_LAST_CLICK""}","{""ImportId"":""QID133_PAGE_SUBMIT""}","{""ImportId"":""QID133_CLICK_COUNT""}","{""ImportId"":""QID130""}","{""ImportId"":""QID131_FIRST_CLICK""}","{""ImportId"":""QID131_LAST_CLICK""}","{""ImportId"":""QID131_PAGE_SUBMIT""}","{""ImportId"":""QID131_CLICK_COUNT""}","{""ImportId"":""QID116_1""}","{""ImportId"":""QID117_1""}","{""ImportId"":""QID118_1""}","{""ImportId"":""QID128_FIRST_CLICK""}","{""ImportId"":""QID128_LAST_CLICK""}","{""ImportId"":""QID128_PAGE_SUBMIT""}","{""ImportId"":""QID128_CLICK_COUNT""}","{""ImportId"":""QID121""}","{""ImportId"":""QID122_FIRST_CLICK""}","{""ImportId"":""QID122_LAST_CLICK""}","{""ImportId"":""QID122_PAGE_SUBMIT""}","{""ImportId"":""QID122_CLICK_COUNT""}","{""ImportId"":""QID96_1""}","{""ImportId"":""QID94_1""}","{""ImportId"":""QID77""}","{""ImportId"":""QID78""}","{""ImportId"":""QID79""}","{""ImportId"":""QID80""}","{""ImportId"":""QID81""}","{""ImportId"":""QID82""}","{""ImportId"":""QID137_1""}","{""ImportId"":""QID138_1""}","{""ImportId"":""QID139_1""}","{""ImportId"":""QID140_FIRST_CLICK""}","{""ImportId"":""QID140_LAST_CLICK""}","{""ImportId"":""QID140_PAGE_SUBMIT""}","{""ImportId"":""QID140_CLICK_COUNT""}","{""ImportId"":""QID142""}","{""ImportId"":""QID143_FIRST_CLICK""}","{""ImportId"":""QID143_LAST_CLICK""}","{""ImportId"":""QID143_PAGE_SUBMIT""}","{""ImportId"":""QID143_CLICK_COUNT""}","{""ImportId"":""QID145_1""}","{""ImportId"":""QID146_1""}","{""ImportId"":""QID147_1""}","{""ImportId"":""QID148_FIRST_CLICK""}","{""ImportId"":""QID148_LAST_CLICK""}","{""ImportId"":""QID148_PAGE_SUBMIT""}","{""ImportId"":""QID148_CLICK_COUNT""}","{""ImportId"":""QID150""}","{""ImportId"":""QID151_FIRST_CLICK""}","{""ImportId"":""QID151_LAST_CLICK""}","{""ImportId"":""QID151_PAGE_SUBMIT""}","{""ImportId"":""QID151_CLICK_COUNT""}","{""ImportId"":""QID156_1""}","{""ImportId"":""QID157_1""}","{""ImportId"":""QID158_1""}","{""ImportId"":""QID159_FIRST_CLICK""}","{""ImportId"":""QID159_LAST_CLICK""}","{""ImportId"":""QID159_PAGE_SUBMIT""}","{""ImportId"":""QID159_CLICK_COUNT""}","{""ImportId"":""QID161""}","{""ImportId"":""QID162_FIRST_CLICK""}","{""ImportId"":""QID162_LAST_CLICK""}","{""ImportId"":""QID162_PAGE_SUBMIT""}","{""ImportId"":""QID162_CLICK_COUNT""}","{""ImportId"":""QID165_1""}","{""ImportId"":""QID166_1""}","{""ImportId"":""QID167_1""}","{""ImportId"":""QID168_FIRST_CLICK""}","{""ImportId"":""QID168_LAST_CLICK""}","{""ImportId"":""QID168_PAGE_SUBMIT""}","{""ImportId"":""QID168_CLICK_COUNT""}","{""ImportId"":""QID170""}","{""ImportId"":""QID171_FIRST_CLICK""}","{""ImportId"":""QID171_LAST_CLICK""}","{""ImportId"":""QID171_PAGE_SUBMIT""}","{""ImportId"":""QID171_CLICK_COUNT""}","{""ImportId"":""QID32_1""}","{""ImportId"":""QID92_1""}","{""ImportId"":""QID48_TEXT""}","{""ImportId"":""QID49""}","{""ImportId"":""QID49_1_TEXT""}","{""ImportId"":""QID50""}","{""ImportId"":""QID51""}","{""ImportId"":""QID51_1_TEXT""}","{""ImportId"":""QID52""}","{""ImportId"":""NormCondition""}","{""ImportId"":""Structure""}"
2019-06-26 16:42:44,2019-06-26 16:47:58,0,103.80.71.97,100,313,1,2019-06-26 16:47:59,R_1l6or0BGNtbmilw,,,,,22.8173980712890625,89.564788818359375,anonymous,EN,,,,Noah,,1,2,1,1,2,2,,,,,,,,,,,,,,,,,,,,,,,,,71,51,95,6.605,32.324,35.728,14,2,61.203,61.203,63.28,1,87,53,71,3.799,17.056,18.026,8,1,2.38,2.38,11.045,1,0,,,,,,,,,,,,,,,,,,,,,,,,,,,,,,,,,,,,,,,,,,,,,,,,,,,,,,,,,,Nice study.,1,28,2,1,Black,2,1,ConjLeft
2019-06-26 16:42:45,2019-06-26 16:49:27,0,73.8.164.175,100,401,1,2019-06-26 16:49:27,R_3EnkNBdhOn1rkGN,,,,,40.0746002197265625,-88.169097900390625,anonymous,EN,,,,,James,1,2,1,1,1,2,,,,,,,,,,,,,,,,,,,,,,,,,,,,,,,,,,,,,,,,,,,,,,,,,,,,,,,,,100,0,100,22.783,29.815,30.878,3,1,13.948,17.531,31.561,3,100,0,0,11.034,18.049,23.106,3,2,9.111,9.111,12.752,1,,,,,,,,,,,,,,,,,,,,,,,,,50,,unsure to be honest. it could have been either room.,1,46,2,1,white,2,2,ConjLeft
2019-06-26 16:45:00,2019-06-26 16:50:22,0,97.113.17.157,100,322,1,2019-06-26 16:50:22,R_2WvWxjdCakvJ1Pv,,,,,47.645904541015625,-122.399505615234375,anonymous,EN,Emma,,,,,1,2,1,1,2,1,,,,,,,,,,,,,,,,,,,,,,,,,,,,,,,,,,,,,,,,,,,,,,,,,,,1,2,1,1,1,2,100,0,100,14.407,23.088,23.954,4,2,10.37,10.37,11.313,1,100,0,100,4.855,21.112,21.824,4,2,5.116,10.108,10.995,3,,,,,,,,,,,,,,,,,,,,,,,,,,7,The motion sensor would go off regardless of whether Suzy was there because of Billy.,1,30,2,1,White,2,2,ConjRight
2019-06-26 16:46:45,2019-06-26 16:51:18,0,157.50.110.36,100,273,1,2019-06-26 16:51:18,R_1q2GjOHhK0hbbhR,,,,,13.0843048095703125,80.280487060546875,anonymous,EN,,,,Noah,,1,1,2,1,1,1,,,,,,,,,,,,,,,,,,,,,,,,,,,,,,,,,,,,,,,,,,,,,,,,,,,2,1,1,1,2,2,,,,,,,,,,,,,,,,,,,,,,,,,,,,,,,,,,,,,,,,,,,,,,,,,,,,,,,,,,1,ConjLeft
2019-06-26 16:44:42,2019-06-26 16:51:41,0,208.64.73.236,100,419,1,2019-06-26 16:51:42,R_3oZPv4nPGdHdTng,,,,,42.352203369140625,-74.807098388671875,anonymous,EN,Emma,,,,,1,2,1,1,2,2,,,,,,,,,,,,,,,,,,,,,,,,,0,100,100,4.115,35.286,35.72,18,2,2.871,36.592,37.861,8,5,100,100,2.576,22.161,23.095,14,2,7.07,13.191,14.124,6,,20,,,,,,,,,,,,,,,,,,,,,,,,,,,,,,,,,,,,,,,,,,,,,,,,,,,,,,,,,no,1,33,2,1,bengali,2,1,ConjRight
2019-06-26 16:42:59,2019-06-26 16:53:05,0,71.207.10.137,100,606,1,2019-06-26 16:53:06,R_1jP3QrT7HQGj1HG,,,,,40.810302734375,-77.88800048828125,anonymous,EN,,Benjamin,,,,1,2,1,1,1,2,,,,,,,,,,,,,,,,,,,,,,,,,,,,,,,,,,,,,,,,,,,,,,,,,,,,,,,,,100,0,100,24.41,46,48.441,7,2,18.979,18.979,20.311,1,100,0,0,13.549,36.612,38.745,4,2,13.246,13.246,14.95,1,,,,,,,,,,,,,,,,,,,,,,,,,,28,I wasn't sure so I leaned toward Ben's recommendation.,1,60,2,1,white,2,2,ConjRight
2019-06-26 16:44:10,2019-06-26 16:53:32,0,67.247.209.64,100,562,1,2019-06-26 16:53:33,R_2bUwQd0opPZgscH,,,,,42.8354034423828125,-78.75730133056640625,anonymous,EN,,,,Noah,,1,2,1,1,1,2,,,,,,,,,,,,,,,,,,,,,,,,,,,,,,,,,,,,,,,,,,,,,,,,,,,,,,,,,100,0,100,10.929,22.611,25.087,6,1,12.392,12.392,13.968,1,100,0,0,8.279,12.526,13.448,7,1,7.899,12.671,13.155,2,,,,,,,,,,,,,,,,,,,,,,,,,50,,"The statement ""The motion detector went off because Billy (or Suzy) went into the office"" is either impossible to prove or just doesn't make any sense, depending on the room. I can't use the answer to predict what room they were in.",1,34,2,1,white,2,2,ConjLeft
2019-06-26 16:43:22,2019-06-26 16:54:49,0,76.187.65.25,100,686,1,2019-06-26 16:54:49,R_rkcmGWDKLa0WG8p,,,,,33.1371002197265625,-96.74880218505859375,anonymous,EN,,,,Noah,,1,2,1,1,1,2,,,,,,,,,,,,,,,,,,,,,,,,,,,,,,,,,,,,,,,,,,,,,,,,,,,,,,,,,,,,,,,,,,,,,,,,,,,,,,,,,100,100,0,15.218,28.651,33.194,3,2,20.434,20.434,28.355,1,100,0,100,13.4,26.099,28.558,9,1,10.034,19.062,20.162,2,84,,well for the one with two doors i figured suzie caused it to go off because she wasn't suppose to be there.,1,34,2,1,white,2,2,ConjLeft
2019-06-26 16:44:54,2019-06-26 16:56:26,0,73.40.52.192,100,691,1,2019-06-26 16:56:26,R_1LkhiXr0IbHsNj6,,,,,38.40960693359375,-82.3690032958984375,anonymous,EN,,,Ava,,,1,2,1,1,1,1,0,99,0,6.242,37.365,38.152,7,1,13.284,14.619,18.282,2,0,97,100,9.876,18.201,19.385,6,2,9.391,9.391,11.367,1,,,,,,,,,,,,,,,,,,,,,,,,,,70,1,2,1,1,2,2,,,,,,,,,,,,,,,,,,,,,,,,,,,,,,,,,,,,,,,,,,,,,,,,,,,I chose the two door because it was the most reasonable choice.,1,46,1,1,white,2,1,ConjRight
2019-06-26 16:51:03,2019-06-26 16:57:02,0,71.234.233.198,100,359,1,2019-06-26 16:57:03,R_1rxjUGWdQi328cx,,,,,41.318603515625,-72.93019866943359375,anonymous,EN,Emma,,,,,1,2,2,1,1,2,,,,,,,,,,,,,,,,,,,,,,,,,,,,,,,,,,,,,,,,,,,,,,,,,,,1,2,1,1,1,2,,,,,,,,,,,,,,,,,,,,,,,,,100,0,0,17.192,27.588,28.492,3,2,11.269,11.269,12.385,1,100,0,100,10.738,14.026,14.86,3,1,2.787,2.787,10.832,1,,0,,1,28,2,1,Black,2,2,ConjRight
2019-06-26 16:44:17,2019-06-26 16:57:08,0,47.12.208.59,100,771,1,2019-06-26 16:57:09,R_2xRcZOI5RwBnRAW,,,,,44.6614990234375,-90.1790008544921875,anonymous,EN,,,,Noah,,1,2,1,1,2,1,,,,,,,,,,,,,,,,,,,,,,,,,0,100,100,19.923,29.722,32.163,3,1,47.656,52.111,53.038,8,0,100,0,15.514,32.07,34.527,3,1,7.432,8.616,11.146,3,97,,1,2,1,1,2,2,,,,,,,,,,,,,,,,,,,,,,,,,,,,,,,,,,,,,,,,,,,,,,,,,,,"That first question I saw them both as equally likely to have set it off. That's the issue because there wasn't an option for that, I ended up just selecting the first one which was the guy, bill or whatever his name was",1,32,2,1,white,2,1,ConjLeft
2019-06-26 16:43:02,2019-06-26 16:58:37,0,37.29.255.34,100,935,1,2019-06-26 16:58:37,R_3D6YquJZADQSOOz,,,,,40.417205810546875,-3.6840057373046875,anonymous,EN,,Benjamin,,,,1,2,1,1,2,2,,,,,,,,,,,,,,,,,,,,,,,,,,,,,,,,,,,,,,,,,,,,,,,,,,,1,2,1,1,1,2,100,0,100,28.385,37.061,37.901,3,1,23.031,23.031,27.658,1,100,0,0,17.299,32.138,34.765,3,1,24.102,24.102,26.289,1,,,,,,,,,,,,,,,,,,,,,,,,,100,,"Because in principle the detector is intended to detect workers, if you assume that the detector has been turned on by billy has entered, it makes more sense that the scene is with a single door, otherwise the objective of the detector makes little sense. ",1,27,2,1,White,1,2,ConjLeft
2019-06-26 16:44:44,2019-06-26 16:58:38,0,173.3.119.240,100,834,1,2019-06-26 16:58:39,R_2QG1V7KNvmiWZme,,,,,40.864593505859375,-73.898101806640625,anonymous,EN,,,,,James,1,2,1,1,1,2,,,,,,,,,,,,,,,,,,,,,,,,,,,,,,,,,,,,,,,,,,,,,,,,,,,,,,,,,100,0,100,13.536,33.159,36.241,10,1,14.119,29.545,30.958,2,100,0,100,11.323,27.986,28.739,8,2,7.51,30.337,31.2,4,,,,,,,,,,,,,,,,,,,,,,,,,,0,"I believe it was the one door, because the detector goes off if one person enters the room",1,44,1,1,Black,2,2,ConjRight
2019-06-26 16:53:14,2019-06-26 16:59:33,0,68.129.243.14,100,378,1,2019-06-26 16:59:34,R_1PSP1fHacCatYqs,,,,,40.8271026611328125,-73.9358978271484375,anonymous,EN,,Benjamin,,,,1,2,1,1,2,2,0,100,0,1.438,28.629,30.284,10,1,0.739,15.018,18.303,4,0,100,100,0.53,20.593,21.593,6,1,0.588,10.036,11.478,3,,,,,,,,,,,,,,,,,,,,,,,,,20,,,,,,,,,,,,,,,,,,,,,,,,,,,,,,,,,,,,,,,,,,,,,,,,,,,,,,,,,,"I think the left side scene is most likely because the motion detector went off for two people instead  of just one, and both of them went to the office that day.",1,35,1,1,white,2,1,ConjLeft
2019-06-26 16:51:03,2019-06-26 17:00:20,0,97.114.19.80,100,556,1,2019-06-26 17:00:20,R_2wRWCIvmoq4BsWk,,,,,34.9441070556640625,-89.854400634765625,anonymous,EN,,,,Noah,,1,2,1,1,1,2,,,,,,,,,,,,,,,,,,,,,,,,,,,,,,,,,,,,,,,,,,,,,,,,,,,,,,,,,100,0,100,15.483,33.178,36.243,3,1,15.145,15.145,26.496,1,100,0,0,12.432,20.511,29.287,3,2,7.444,7.444,13.946,1,,,,,,,,,,,,,,,,,,,,,,,,,100,,It was a scenario I just think it was the scene I picked and I have no other comments.,1,54,2,1,Caucasian,2,2,ConjLeft
2019-06-26 16:45:40,2019-06-26 17:00:20,0,106.198.29.246,100,879,1,2019-06-26 17:00:20,R_2EtWFl72WwYvtwu,,,,,10.990997314453125,76.966705322265625,anonymous,EN,," Benjamin",,,,2,2,2,2,1,2,,,,,,,,,,,,,,,,,,,,,,,,,,,,,,,,,,,,,,,,,,,,,,,,,,,2,2,2,1,2,2,,,,,,,,,,,,,,,,,,,,,,,,,,,,,,,,,,,,,,,,,,,,,,,,,,,,,,,,,,1,ConjLeft
2019-06-26 16:51:09,2019-06-26 17:00:42,0,173.235.180.206,100,573,1,2019-06-26 17:00:42,R_DuvFauWsOVJVrzj,,,,,32.4698944091796875,-90.110198974609375,anonymous,EN,,,,Noah,,1,2,1,1,1,2,,,,,,,,,,,,,,,,,,,,,,,,,,,,,,,,,,,,,,,,,,,,,,,,,,,,,,,,,100,0,100,24.733,33.837,34.45,3,1,20.388,20.388,25.384,1,100,0,0,18.973,89.257,90.226,3,1,9.08,14.809,15.554,3,,,,,,,,,,,,,,,,,,,,,,,,,,0,just felt it was more likely,1,35,2,1,white,2,2,ConjRight
2019-06-26 16:55:48,2019-06-26 17:00:43,0,122.164.86.232,100,294,1,2019-06-26 17:00:44,R_2TBszoOIi4vP6NX,,,,,9.981903076171875,76.28448486328125,anonymous,EN,emma,,,,,,,,,,,,,,,,,,,,,,,,,,,,,,,,,,,,,,,,,,,,,,,,,,,,,,,,,,,,,,,,,,,,,,,,,,,,,,,,,,,,,,,,,,,,,,,,,,,,,,,,,,,,,,,,,,,,,,,,,,,,,
2019-06-26 17:01:06,2019-06-26 17:01:13,8,122.164.86.232,100,7,1,2019-06-26 17:01:14,R_1LFCwNZ3CE88pSb,,,,,9.981903076171875,76.28448486328125,anonymous,EN,emma,,,,,,,,,,,,,,,,,,,,,,,,,,,,,,,,,,,,,,,,,,,,,,,,,,,,,,,,,,,,,,,,,,,,,,,,,,,,,,,,,,,,,,,,,,,,,,,,,,,,,,,,,,,,,,,,,,,,,,,,,,,,,
2019-06-26 16:46:11,2019-06-26 17:01:22,0,166.67.66.246,100,911,1,2019-06-26 17:01:23,R_1OVTzedwLK5thkm,,,,,37.4927978515625,-77.470001220703125,anonymous,EN,,Benjamin,,,,1,2,1,1,1,2,,,,,,,,,,,,,,,,,,,,,,,,,,,,,,,,,,,,,,,,,,,,,,,,,,,,,,,,,,,,,,,,,,,,,,,,,,,,,,,,,100,0,0,15.638,28.629,29.354,6,1,47.649,59.439,61.054,2,100,0,100,13.349,18.841,19.275,4,1,24.543,24.543,26.395,1,,100,Because it seemed that Billy and Suzy appeared at the office at the same time so I just surmised that it was the two door office.,1,52,1,1,Caucasian,2,2,ConjRight
2019-06-26 16:55:52,2019-06-26 17:01:44,0,68.52.51.80,100,351,1,2019-06-26 17:01:44,R_12hblP79icQqV0V,,,,,35.93060302734375,-86.8787994384765625,anonymous,EN,Emma,,,,,1,2,2,1,1,2,,,,,,,,,,,,,,,,,,,,,,,,,,,,,,,,,,,,,,,,,,,,,,,,,,,1,2,2,1,1,1,,,,,,,,,,,,,,,,,,,,,,,,,,,,,,,,,,,,,,,,,,,,,,,,,,,,,,,,,,2,ConjRight
2019-06-26 16:44:49,2019-06-26 17:02:05,0,151.19.215.11,100,1036,1,2019-06-26 17:02:05,R_232dqm4km1o3AAm,,,,,41.8903961181640625,12.5124053955078125,anonymous,EN,Emma,,,,,1,2,1,1,1,2,,,,,,,,,,,,,,,,,,,,,,,,,,,,,,,,,,,,,,,,,,,,,,,,,,,,,,,,,100,0,99,21.467,33.777,41.532,3,1,25.566,59.666,69.777,9,100,0,0,9.565,25.091,27.533,3,2,8.246,8.246,15.808,1,,,,,,,,,,,,,,,,,,,,,,,,,51,,the Ben choice it could be verified for both situations,1,36,2,1,white,2,2,ConjLeft
2019-06-26 17:00:25,2019-06-26 17:02:53,0,106.198.29.246,100,147,1,2019-06-26 17:02:54,R_2zFHeLvKklRHPd6,,,,,10.990997314453125,76.966705322265625,anonymous,EN,,,,Noah,,2,2,2,1,2,1,,,,,,,,,,,,,,,,,,,,,,,,,,,,,,,,,,,,,,,,,,,,,,,,,,,1,2,2,1,2,2,,,,,,,,,,,,,,,,,,,,,,,,,,,,,,,,,,,,,,,,,,,,,,,,,,,,,,,,,,1,ConjRight
2019-06-26 16:57:08,2019-06-26 17:02:57,0,216.57.251.251,100,349,1,2019-06-26 17:02:57,R_2vexycx5FZ1UmI1,,,,,38.1593017578125,-79.062896728515625,anonymous,EN,,Benjamin,,,,1,2,1,1,2,2,0,100,0,17.9,27.132,28.698,5,1,9.031,11.759,15.398,6,0,100,100,8.74,12.579,14.736,4,2,9.092,11.804,13.457,4,,,,,,,,,,,,,,,,,,,,,,,,,82,,,,,,,,,,,,,,,,,,,,,,,,,,,,,,,,,,,,,,,,,,,,,,,,,,,,,,,,,,"The biggest factor that influenced my decision was how I thought about the question. To me, it made the most sense that Suzy would be blame for the light going off while entering the one door office because Suzy was supposed to do that. Therefore, Suzy doing what she was supposed to be doing resulted in the light going off.",1,25,1,1,White,2,1,ConjLeft
2019-06-26 17:01:47,2019-06-26 17:03:08,0,68.52.51.80,100,80,1,2019-06-26 17:03:08,R_1pnylMu7y5P9k7m,,,,,35.93060302734375,-86.8787994384765625,anonymous,EN,,Benjamin,,,,1,2,2,1,1,2,,,,,,,,,,,,,,,,,,,,,,,,,,,,,,,,,,,,,,,,,,,,,,,,,,,1,2,2,1,2,2,,,,,,,,,,,,,,,,,,,,,,,,,,,,,,,,,,,,,,,,,,,,,,,,,,,,,,,,,,1,ConjRight
2019-06-26 16:58:19,2019-06-26 17:04:57,0,72.82.254.83,100,397,1,2019-06-26 17:04:57,R_3qjkjp6C2prA7bK,,,,,40.369903564453125,-74.63809967041015625,anonymous,EN,,Benjamin,,,,1,2,1,1,2,2,0,100,0,16.306,21.1,26.701,3,1,9.539,9.539,12.712,1,0,100,100,6.376,14.326,22.896,3,2,5.972,5.972,10.856,1,,,,,,,,,,,,,,,,,,,,,,,,,,6,,,,,,,,,,,,,,,,,,,,,,,,,,,,,,,,,,,,,,,,,,,,,,,,,,,,,,,,,"I thought that, because Susie was instructed to be in the office, and the 1-door office's motion detector goes off if anybody enters the office, then its safe to assume that Susie made the detector go off, because she would've made it go off whether or not Billy was present.",1,27,1,1,White,2,1,ConjRight
2019-06-26 16:58:23,2019-06-26 17:05:56,0,24.181.213.246,100,452,1,2019-06-26 17:05:56,R_1OUin9z6TkC7CND,,,,,35.59710693359375,-82.5565032958984375,anonymous,EN,,Benjamin,,,,1,2,1,1,1,2,,,,,,,,,,,,,,,,,,,,,,,,,,,,,,,,,,,,,,,,,,,,,,,,,,,,,,,,,100,0,100,21.701,33.942,35.017,3,1,25.289,25.289,28.003,1,100,0,0,9.318,19.966,24.324,3,2,8.78,8.78,11.74,1,,,,,,,,,,,,,,,,,,,,,,,,,,0,"who was supposed to be there
none",1,28,1,1,Caucasian,1,2,ConjRight
2019-06-26 17:02:56,2019-06-26 17:05:56,0,106.198.29.246,100,179,1,2019-06-26 17:05:56,R_3KwFXVccy3lU2aI,,,,,10.990997314453125,76.966705322265625,anonymous,EN," Emma",,,,,2,2,1,1,2,2,,,,,,,,,,,,,,,,,,,,,,,,,,,,,,,,,,,,,,,,,,,,,,,,,,,2,2,1,1,2,1,,,,,,,,,,,,,,,,,,,,,,,,,,,,,,,,,,,,,,,,,,,,,,,,,,,,,,,,,,2,ConjRight
2019-06-26 16:45:44,2019-06-26 17:06:19,0,68.40.150.60,100,1234,1,2019-06-26 17:06:19,R_aVQHubeOrf0UqZj,,,,,42.3574981689453125,-83.2162017822265625,anonymous,EN,,,,,James,1,2,2,1,2,2,,,,,,,,,,,,,,,,,,,,,,,,,0,100,100,18.146,41.656,42.718,5,1,22.554,22.554,26.466,1,0,100,0,18.793,29.095,30.149,3,1,11.854,11.854,13.747,1,,97,1,2,1,1,2,2,,,,,,,,,,,,,,,,,,,,,,,,,,,,,,,,,,,,,,,,,,,,,,,,,,,Because Billy was  not suppose to be in the office at 9 am Suzy showed up and  her normal time of 9 am and caused the motion detector to go off.,1,27,2,2,,2,1,ConjRight
2019-06-26 17:05:37,2019-06-26 17:06:21,0,122.174.88.164,100,44,1,2019-06-26 17:06:22,R_1n6ZIueN1Lz6AGD,,,,,9.966705322265625,76.233306884765625,anonymous,EN,NO,,,,,,,,,,,,,,,,,,,,,,,,,,,,,,,,,,,,,,,,,,,,,,,,,,,,,,,,,,,,,,,,,,,,,,,,,,,,,,,,,,,,,,,,,,,,,,,,,,,,,,,,,,,,,,,,,,,,,,,,,,,,,
2019-06-26 16:54:39,2019-06-26 17:07:46,0,190.83.150.104,100,786,1,2019-06-26 17:07:46,R_86BPDAmnrZOjOuJ,,,,,10.649993896484375,-61.4499969482421875,anonymous,EN,,,,,James,1,2,1,1,2,2,0,100,0,18.078,25.85,26.679,3,1,11.894,17.21,21.269,2,0,100,100,24.789,32.344,44.23,5,2,10.822,10.822,12.88,1,,,,,,,,,,,,,,,,,,,,,,,,,,0,,,,,,,,,,,,,,,,,,,,,,,,,,,,,,,,,,,,,,,,,,,,,,,,,,,,,,,,,I decided that since Suzy was going to be there any way that she would have set off the alarm whether or not her coworker was there.,1,33,1,1,Multiracial,2,1,ConjRight
2019-06-26 16:45:52,2019-06-26 17:07:46,0,45.56.174.97,100,1313,1,2019-06-26 17:07:47,R_1GynlRwxkZ2D8XC,,,,,37.751007080078125,-97.82199859619140625,anonymous,EN,,Benjamin,,,,1,2,1,1,2,2,,,,,,,,,,,,,,,,,,,,,,,,,0,100,100,35.496,138.257,144.258,5,2,42.156,64.668,69.533,2,0,100,0,21.894,41.134,45.816,5,1,17.717,22.817,41.183,4,,0,,,,,,,,,,,,,,,,,,,,,,,,,,,,,,,,,,,,,,,,,,,,,,,,,,,,,,,,,,1,26,2,1,Black,2,1,ConjRight
2019-06-26 17:08:36,2019-06-26 17:12:47,0,75.82.236.123,100,251,1,2019-06-26 17:12:48,R_2ffI7uZZFj8kTEN,,,,,34.2772979736328125,-118.50009918212890625,anonymous,EN,,,,,James,1,2,1,1,2,2,,,,,,,,,,,,,,,,,,,,,,,,,0,100,100,3.69,21.193,22.214,4,2,8.402,8.746,17.496,2,0,100,0,6.466,12.759,13.492,3,2,8.376,8.376,12.829,1,100,,,,,,,,,,,,,,,,,,,,,,,,,,,,,,,,,,,,,,,,,,,,,,,,,,,,,,,,,,"I'm not sure, just had a gut feeling. No other comments!",1,22,2,1,Asian,2,1,ConjLeft
2019-06-26 17:07:10,2019-06-26 17:12:53,0,72.132.43.243,100,343,1,2019-06-26 17:12:53,R_3DwI8wCPTsmaZxX,,,,,33.72369384765625,-116.3802947998046875,anonymous,EN,,,,,James,1,2,1,1,1,2,0,100,0,8.382,26.255,26.882,5,1,4.032,7.396,11.237,3,0,100,100,7.318,13.902,14.527,5,2,2.301,2.301,11.419,1,,,,,,,,,,,,,,,,,,,,,,,,,,50,1,2,1,1,2,2,,,,,,,,,,,,,,,,,,,,,,,,,,,,,,,,,,,,,,,,,,,,,,,,,,,About whether if the person entered by themselves whether the motion detector would go off and whether their boss told them to go to work at 9.,1,26,2,1,White,2,1,ConjRight
2019-06-26 17:06:00,2019-06-26 17:13:29,0,106.198.29.246,100,449,1,2019-06-26 17:13:29,R_3iFrBklWEuSVoHp,,,,,10.990997314453125,76.966705322265625,anonymous,EN,,,,,James,2,2,1,1,2,2,61,91,95,24.883,33.121,34.059,5,1,14.089,14.089,25.681,1,0,100,20,21.901,37.843,39.263,5,1,6.888,6.888,12.866,1,,,,,,,,,,,,,,,,,,,,,,,,,92,,1,2,1,1,2,2,,,,,,,,,,,,,,,,,,,,,,,,,,,,,,,,,,,,,,,,,,,,,,,,,,,i  like Second scene.,1,32,2,2,,2,1,ConjLeft
2019-06-26 17:09:42,2019-06-26 17:15:49,0,106.208.40.199,100,366,1,2019-06-26 17:15:50,R_3ekxpw2PPb4M6Mp,,,,,13.0843048095703125,80.280487060546875,anonymous,EN,,,,,James,1,2,1,1,1,2,,,,,,,,,,,,,,,,,,,,,,,,,,,,,,,,,,,,,,,,,,,,,,,,,,,1,1,2,1,1,2,,,,,,,,,,,,,,,,,,,,,,,,,,,,,,,,,,,,,,,,,,,,,,,,,,,,,,,,,,1,ConjRight
2019-06-26 17:14:04,2019-06-26 17:16:00,0,174.59.5.207,100,115,1,2019-06-26 17:16:00,R_1FqVbnni5Uvi5ja,,,,,40.5908966064453125,-76.7073974609375,anonymous,EN,,,Ava,,,1,1,1,1,2,1,,,,,,,,,,,,,,,,,,,,,,,,,,,,,,,,,,,,,,,,,,,,,,,,,,,2,1,1,1,2,2,,,,,,,,,,,,,,,,,,,,,,,,,,,,,,,,,,,,,,,,,,,,,,,,,,,,,,,,,,1,ConjLeft
2019-06-26 16:43:13,2019-06-26 17:17:19,0,72.185.13.48,100,2045,1,2019-06-26 17:17:19,R_pT7yrPfh5N1o01P,,,,,28.479705810546875,-82.512603759765625,anonymous,EN,,,Ava,,,2,1,1,2,2,2,,,,,,,,,,,,,,,,,,,,,,,,,,,,,,,,,,,,,,,,,,,,,,,,,,,1,2,2,1,2,2,,,,,,,,,,,,,,,,,,,,,,,,,,,,,,,,,,,,,,,,,,,,,,,,,,,,,,,,,,1,ConjRight
2019-06-26 16:55:44,2019-06-26 17:17:24,0,122.164.86.232,100,1300,1,2019-06-26 17:17:25,R_3szDFSv2iUVaUuO,,,,,9.981903076171875,76.28448486328125,anonymous,EN,Emma,,,,,1,2,2,1,1,2,,,,,,,,,,,,,,,,,,,,,,,,,,,,,,,,,,,,,,,,,,,,,,,,,,,1,2,1,1,1,1,,,,,,,,,,,,,,,,,,,,,,,,,,,,,,,,,,,,,,,,,,,,,,,,,,,,,,,,,,2,ConjLeft
2019-06-26 17:12:06,2019-06-26 17:17:59,0,67.44.208.202,100,352,1,2019-06-26 17:17:59,R_rdrLyZEawEWCwH7,,,,,37.751007080078125,-97.82199859619140625,anonymous,EN,,Benjamin,,,,1,2,2,1,1,2,,,,,,,,,,,,,,,,,,,,,,,,,,,,,,,,,,,,,,,,,,,,,,,,,,,1,2,2,1,1,2,,,,,,,,,,,,,,,,,,,,,,,,,,,,,,,,,,,,,,,,,,,,,,,,,,,,,,,,,,2,ConjRight
2019-06-26 17:09:15,2019-06-26 17:18:47,0,71.244.254.108,100,572,1,2019-06-26 17:18:48,R_3GBbysumlCSKote,,,,,39.21240234375,-76.87760162353515625,anonymous,EN,,,,Noah,,1,2,1,1,2,2,0,100,0,20.37,28.839,31.32,3,1,11.847,11.847,18.854,1,0,100,100,12.994,20.194,26.691,3,1,16.997,16.997,21.82,1,,,,,,,,,,,,,,,,,,,,,,,,,19,,,,,,,,,,,,,,,,,,,,,,,,,,,,,,,,,,,,,,,,,,,,,,,,,,,,,,,,,,The fact that alarm went off with two people as opposed to one as well as the selection of Suzy may be more indicative of the two door office despite the fact the one door will go off with just one person.,1,24,2,1,Multiracial,2,1,ConjLeft
2019-06-26 17:10:27,2019-06-26 17:19:42,0,98.178.144.161,100,555,1,2019-06-26 17:19:42,R_vGI3aIA1sAGOxs5,,,,,36.0944061279296875,-95.97170257568359375,anonymous,EN,,,,,James,1,2,1,1,1,2,,,,,,,,,,,,,,,,,,,,,,,,,,,,,,,,,,,,,,,,,,,,,,,,,,,,,,,,,100,0,100,18.904,29.699,30.301,7,1,0,0,17.788,0,100,0,0,14.651,26.45,30.082,6,2,0,0,10.585,0,,,,,,,,,,,,,,,,,,,,,,,,,81,,Billy was supposed to come in so I used that information.,1,33,1,1,white,2,2,ConjLeft
2019-06-26 17:12:16,2019-06-26 17:19:46,0,165.84.231.38,100,450,1,2019-06-26 17:19:46,R_8ws3X9rSqMZaErT,,,,,51.5164031982421875,-0.0930023193359375,anonymous,EN,,,Ava,,,1,2,1,1,1,1,,,,,,,,,,,,,,,,,,,,,,,,,,,,,,,,,,,,,,,,,,,,,,,,,,,2,1,2,1,1,2,,,,,,,,,,,,,,,,,,,,,,,,,,,,,,,,,,,,,,,,,,,,,,,,,,,,,,,,,,2,ConjLeft
2019-06-26 17:02:21,2019-06-26 17:22:01,0,122.164.86.232,100,1179,1,2019-06-26 17:22:01,R_vP8iZYpGO6G09Vf,,,,,9.981903076171875,76.28448486328125,anonymous,EN,,,,,james,2,2,2,2,1,2,,,,,,,,,,,,,,,,,,,,,,,,,,,,,,,,,,,,,,,,,,,,,,,,,,,2,2,2,2,1,1,,,,,,,,,,,,,,,,,,,,,,,,,,,,,,,,,,,,,,,,,,,,,,,,,,,,,,,,,,2,ConjLeft
2019-06-26 17:18:43,2019-06-26 17:22:41,0,122.164.86.232,100,237,1,2019-06-26 17:22:41,R_bdUHvOEEBw9dzmp,,,,,9.981903076171875,76.28448486328125,anonymous,EN,,benjamin,,,,,,,,,,,,,,,,,,,,,,,,,,,,,,,,,,,,,,,,,,,,,,,,,,,,,,,,,,,,,,,,,,,,,,,,,,,,,,,,,,,,,,,,,,,,,,,,,,,,,,,,,,,,,,,,,,,,,,,,,,,,
2019-06-26 17:22:55,2019-06-26 17:23:06,0,122.164.86.232,100,10,1,2019-06-26 17:23:06,R_2zklWyNAHDHHXdD,,,,,9.981903076171875,76.28448486328125,anonymous,EN,,,ava,,,,,,,,,,,,,,,,,,,,,,,,,,,,,,,,,,,,,,,,,,,,,,,,,,,,,,,,,,,,,,,,,,,,,,,,,,,,,,,,,,,,,,,,,,,,,,,,,,,,,,,,,,,,,,,,,,,,,,,,,,,
2019-06-26 17:16:27,2019-06-26 17:25:26,0,174.236.149.101,100,539,1,2019-06-26 17:25:26,R_3JDA4QwaHTi9EoM,,,,,35.106292724609375,-89.94100189208984375,anonymous,EN,,,Ava,,,1,2,1,1,1,2,,,,,,,,,,,,,,,,,,,,,,,,,,,,,,,,,,,,,,,,,,,,,,,,,,,,,,,,,,,,,,,,,,,,,,,,,,,,,,,,,100,0,0,20.374,45.23,47.183,3,2,24.644,24.644,25.876,1,100,0,100,13.832,20.88,25.206,4,1,12.556,12.556,13.717,1,100,,If the answer was the 2 door office the person responsible would have been Suzy. The answer was the 1 door office the person responsible would have been Billy.,1,58,1,1,White,2,2,ConjLeft
2019-06-26 17:21:21,2019-06-26 17:25:37,0,97.115.204.210,100,256,1,2019-06-26 17:25:38,R_3KrPIDyd3CCEvaq,,,,,45.4803924560546875,-122.5890960693359375,anonymous,EN,,,,,James,1,2,1,1,1,2,,,,,,,,,,,,,,,,,,,,,,,,,,,,,,,,,,,,,,,,,,,,,,,,,,,,,,,,,,,,,,,,,,,,,,,,,,,,,,,,,100,0,0,13.934,24.513,25.481,3,2,9.73,9.73,11.319,1,100,0,100,7.278,16.027,17.134,3,1,5.705,5.705,11.054,1,,0,I went based on my own decisions when answering the questions before that.,1,27,1,1,white,2,2,ConjRight
2019-06-26 17:19:52,2019-06-26 17:26:55,0,165.84.231.38,100,423,1,2019-06-26 17:26:55,R_O1fW2BiOZG1CtoZ,,,,,51.5164031982421875,-0.0930023193359375,anonymous,EN,,,,,James,2,1,2,1,2,1,,,,,,,,,,,,,,,,,,,,,,,,,,,,,,,,,,,,,,,,,,,,,,,,,,,1,1,2,1,2,2,,,,,,,,,,,,,,,,,,,,,,,,,,,,,,,,,,,,,,,,,,,,,,,,,,,,,,,,,,1,ConjLeft
2019-06-26 17:22:38,2019-06-26 17:30:50,0,71.200.174.173,100,491,1,2019-06-26 17:30:50,R_3h6hRQLAJPaWR11,,,,,38.918701171875,-75.42910003662109375,anonymous,EN,,,Ava,,,1,2,1,1,2,2,,,,,,,,,,,,,,,,,,,,,,,,,0,100,100,11.809,24.5,28.369,3,1,15.636,15.636,23.149,1,0,100,0,10.687,18.021,19.327,3,1,6.901,6.901,12.02,1,74,,,,,,,,,,,,,,,,,,,,,,,,,,,,,,,,,,,,,,,,,,,,,,,,,,,,,,,,,,"Suzy was supposed to enter the one-door office. The motion detector would have gone off regardless of whether Billy was there or not. ",1,32,2,1,white,2,1,ConjLeft
2019-06-26 17:27:01,2019-06-26 17:31:01,0,165.84.231.38,100,239,1,2019-06-26 17:31:01,R_etvl5Mg5RnraqUF,,,,,51.5164031982421875,-0.0930023193359375,anonymous,EN,,Benjamin,,,,1,1,1,1,2,1,,,,,,,,,,,,,,,,,,,,,,,,,,,,,,,,,,,,,,,,,,,,,,,,,,,1,1,1,1,2,2,,,,,,,,,,,,,,,,,,,,,,,,,,,,,,,,,,,,,,,,,,,,,,,,,,,,,,,,,,1,ConjLeft
2019-06-26 17:25:58,2019-06-26 17:31:03,0,107.211.24.151,100,304,1,2019-06-26 17:31:03,R_11awUMLJSHFabS6,,,,,36.1623992919921875,-120.34889984130859375,anonymous,EN,,,,,James,1,2,1,1,1,2,,,,,,,,,,,,,,,,,,,,,,,,,,,,,,,,,,,,,,,,,,,,,,,,,,,,,,,,,,,,,,,,,,,,,,,,,,,,,,,,,100,0,0,14.752,23.488,24.314,3,2,8.509,8.509,11.175,1,100,0,100,6.192,12.457,13.899,3,1,8.847,8.847,11.521,1,100,,It would be a one door because it would go off no matter what. It was the choice that I also answered on the question before.,1,30,2,2,,1,2,ConjLeft
2019-06-26 17:27:37,2019-06-26 17:32:00,0,45.46.102.68,100,262,1,2019-06-26 17:32:00,R_yDVy5JM5e0cSKQ1,,,,,43.9680938720703125,-70.5988006591796875,anonymous,EN,Emma,,,,,1,2,1,1,2,2,,,,,,,,,,,,,,,,,,,,,,,,,0,100,93,8.606,27.967,31.649,6,2,7.549,10.091,11.214,3,0,100,0,5.116,10.292,11.154,6,1,3.044,10.294,12.911,2,11,,,,,,,,,,,,,,,,,,,,,,,,,,,,,,,,,,,,,,,,,,,,,,,,,,,,,,,,,,"I think since suzy was allowed to go in, the motion detector going off is best explained in the two-door policy, while the one-door policy is best explained when Billy enters as well as he is not allowed.",1,25,2,1,caucasian,2,1,ConjLeft
2019-06-26 17:19:44,2019-06-26 17:33:23,0,103.25.250.235,100,819,1,2019-06-26 17:33:24,R_2tsdab5bOXqSf4w,,,,,23.790802001953125,90.410888671875,anonymous,EN,,,,Noah,,1,2,1,1,1,2,,,,,,,,,,,,,,,,,,,,,,,,,,,,,,,,,,,,,,,,,,,,,,,,,,,,,,,,,,,,,,,,,,,,,,,,,,,,,,,,,77,56,51,15.471,18.572,19.489,3,1,14.595,51.787,63.286,7,49,32,77,1.146,18.611,19.393,7,1,0.949,9.157,23.081,5,88,,,1,24,2,1,South Asian,2,2,ConjLeft
2019-06-26 17:33:16,2019-06-26 17:35:35,0,122.174.243.71,100,138,1,2019-06-26 17:35:35,R_3ENfod3VbE5cdlE,,,,,13.0843048095703125,80.280487060546875,anonymous,EN,,,Ava,,,1,2,2,1,1,1,,,,,,,,,,,,,,,,,,,,,,,,,,,,,,,,,,,,,,,,,,,,,,,,,,,1,2,2,1,1,1,,,,,,,,,,,,,,,,,,,,,,,,,,,,,,,,,,,,,,,,,,,,,,,,,,,,,,,,,,2,ConjLeft
2019-06-26 17:29:30,2019-06-26 17:37:02,0,32.212.208.33,100,452,1,2019-06-26 17:37:03,R_30w47g6CpYlAufA,,,,,41.85009765625,-72.46489715576171875,anonymous,EN,,,,Noah,,1,2,1,1,2,2,0,100,0,21.558,34.865,35.82,7,1,13.07,13.07,16.701,1,0,100,100,15.794,23.97,25.28,3,1,10.201,10.201,11.692,1,,,,,,,,,,,,,,,,,,,,,,,,,75,,,,,,,,,,,,,,,,,,,,,,,,,,,,,,,,,,,,,,,,,,,,,,,,,,,,,,,,,,"There wasn't really a way to tell which one it would be for certain. I went with Suzy because it might have been the other participant trying to pass the message along by picking her, when Billy was the more at fault person usually.",1,36,2,1,white,2,1,ConjLeft
2019-06-26 17:32:33,2019-06-26 17:37:19,0,73.237.88.24,100,286,1,2019-06-26 17:37:20,R_1jCKnp697poLOxf,,,,,34.0413970947265625,-84.50530242919921875,anonymous,EN,,Benjamin,,,,1,2,1,1,2,2,0,100,0,15.664,23.645,24.415,4,1,8.533,8.533,11.171,1,0,100,100,6.629,11.285,11.812,4,2,7.333,7.333,10.702,1,,,,,,,,,,,,,,,,,,,,,,,,,100,,,,,,,,,,,,,,,,,,,,,,,,,,,,,,,,,,,,,,,,,,,,,,,,,,,,,,,,,,Suzy was supposed to be the only one coming into the office that day,1,29,1,1,white,2,1,ConjLeft
2019-06-26 17:05:25,2019-06-26 17:39:21,0,108.30.47.212,100,2035,1,2019-06-26 17:39:26,R_2EGkWEwKL1lZbmP,,,,,40.6327056884765625,-73.63330078125,anonymous,EN,,,,Noah,,1,2,1,1,2,2,0,100,0,98.523,144.319,150.824,5,1,31.312,31.312,32.384,1,0,100,100,16.001,33.131,43.908,6,2,54.05,54.05,61.33,1,,,,,,,,,,,,,,,,,,,,,,,,,,0,,,,,,,,,,,,,,,,,,,,,,,,,,,,,,,,,,,,,,,,,,,,,,,,,,,,,,,,,"because either way suzy was supposed to come in and set off the detector regardless of billy coming in or not, since it was a 1 doorway office it only takes 1 person to set off detector.",1,43,2,1,white,2,1,ConjRight
2019-06-26 17:37:40,2019-06-26 17:45:29,0,47.189.187.35,100,468,1,2019-06-26 17:45:29,R_2Cx2izHKpjQ4VOT,,,,,32.9149932861328125,-96.67510223388671875,anonymous,EN,,,,Noah,,1,2,1,1,1,2,,,,,,,,,,,,,,,,,,,,,,,,,,,,,,,,,,,,,,,,,,,,,,,,,,,,,,,,,100,0,100,8.082,21.826,22.111,5,1,16.623,19.165,21.524,5,100,0,0,11.589,21.802,22.658,8,2,4.304,4.304,11.164,1,,,,,,,,,,,,,,,,,,,,,,,,,,39,i based it on how i decided who set off the detector and i based that one who was supposed to be there and if that would set it off in other words billy in the single because it always would have gone off if both people followed instructions and not billy in the 2 door office because it would have gone off if instructions were followed,1,32,2,1,"Caucasian ",2,2,ConjRight
2019-06-26 17:41:33,2019-06-26 17:46:06,0,67.1.211.13,100,272,1,2019-06-26 17:46:07,R_6F562h4mEaLZB05,,,,,32.2447967529296875,-111.02140045166015625,anonymous,EN,Emma,,,,,1,2,1,1,1,2,,,,,,,,,,,,,,,,,,,,,,,,,,,,,,,,,,,,,,,,,,,,,,,,,,,,,,,,,,,,,,,,,,,,,,,,,,,,,,,,,100,0,100,8.164,17.083,20.2,4,2,9.854,9.854,11.905,1,100,0,100,6.25,16.241,17.752,3,2,6.172,6.827,11.02,2,78,,"It would make more sense compared to the 2 door setup. ",1,30,2,1,White,2,2,ConjLeft
2019-06-26 17:38:15,2019-06-26 17:46:33,0,206.16.224.136,100,498,1,2019-06-26 17:46:34,R_1jp1iC0BYonOO8U,,,,,37.401092529296875,-77.4615020751953125,anonymous,EN,,,,Noah,,1,2,1,1,2,2,,,,,,,,,,,,,,,,,,,,,,,,,0,100,100,15.455,25.461,48.655,3,2,21.02,24.932,25.573,4,0,100,0,4.616,24.779,25.893,5,1,9.778,16.518,20.584,3,50,,,,,,,,,,,,,,,,,,,,,,,,,,,,,,,,,,,,,,,,,,,,,,,,,,,,,,,,,,"It's hard to say, that's why I chose unsure, since the motion detector will go off if they enter either room both at the same time.",1,48,1,1,white,2,1,ConjLeft
2019-06-26 17:37:36,2019-06-26 17:48:47,0,170.10.187.43,100,671,1,2019-06-26 17:48:47,R_SMNcDfEswgcwqtP,,,,,36.183502197265625,-94.17620086669921875,anonymous,EN,,,,Noah,,1,2,1,1,1,2,,,,,,,,,,,,,,,,,,,,,,,,,,,,,,,,,,,,,,,,,,,,,,,,,,,,,,,,,100,0,100,22.136,32.593,33.836,3,1,31.809,56.577,58.19,2,100,0,0,13.312,28.224,31.784,3,2,6.924,6.924,11.524,1,,,,,,,,,,,,,,,,,,,,,,,,,,0,"My thoughts centered around the fact that it was Billy who was said to have caused the motion detector to go off which would indicate that they entered the one door room, since it only needs one person to set the detector off.",1,38,2,1,Black,2,2,ConjRight
2019-06-26 17:32:12,2019-06-26 17:51:54,0,183.83.164.7,100,1182,1,2019-06-26 17:51:55,R_1KcF6oIyMm5HJ9B,,,,,16.716705322265625,77.890594482421875,anonymous,EN,,Benjamin,,,,1,2,1,1,1,2,,,,,,,,,,,,,,,,,,,,,,,,,,,,,,,,,,,,,,,,,,,,,,,,,,,,,,,,,,,,,,,,,,,,,,,,,,,,,,,,,79,0,2,30.307,73.266,76.091,4,2,17.853,17.853,23.858,1,100,0,53,22.376,45.159,49.288,4,2,11.57,11.57,12.944,1,50,,"Motion detector went off because suzy entered the office along with ben.As per the instructions given by the boss,only ben should enter the office in the morning.If more than one person enter the office at the same time motion detector will went off.",1,28,1,1,Asian,2,2,ConjLeft
2019-06-26 17:33:11,2019-06-26 17:52:30,0,61.2.34.33,100,1159,1,2019-06-26 17:52:31,R_OvtFFz3ZmW3ZA3f,,,,,8.1938934326171875,77.431396484375,anonymous,EN,,,,,james,1,2,1,1,1,1,,,,,,,,,,,,,,,,,,,,,,,,,,,,,,,,,,,,,,,,,,,,,,,,,,,1,2,1,1,2,1,,,,,,,,,,,,,,,,,,,,,,,,,,,,,,,,,,,,,,,,,,,,,,,,,,,,,,,,,,1,ConjRight
2019-06-26 17:43:34,2019-06-26 17:52:42,0,107.5.199.80,100,548,1,2019-06-26 17:52:42,R_3KvzbEtdkHUIb4t,,,,,42.913299560546875,-85.8144989013671875,anonymous,EN,,,Ava,,,1,2,1,1,2,2,1,100,0,25.719,36.973,38.371,3,1,13.478,13.478,16.491,1,0,100,100,12.065,19.263,20.008,3,1,8.768,12.598,14.009,3,,,,,,,,,,,,,,,,,,,,,,,,,85,,,,,,,,,,,,,,,,,,,,,,,,,,,,,,,,,,,,,,,,,,,,,,,,,,,,,,,,,,bosses instructions were the main factor,1,36,1,1,white,2,1,ConjLeft
2019-06-26 17:43:31,2019-06-26 17:54:42,0,98.111.201.61,100,671,1,2019-06-26 17:54:42,R_27PzhETt9fdIfSz,,,,,40.456207275390625,-79.8162994384765625,anonymous,EN,,,Ava,,,1,2,1,1,2,2,0,100,0,18.494,42.719,45.244,10,1,13.896,18.39,20.379,3,0,100,100,18.011,39.666,40.565,6,2,10.798,15.288,16.557,2,,,,,,,,,,,,,,,,,,,,,,,,,,1,,,,,,,,,,,,,,,,,,,,,,,,,,,,,,,,,,,,,,,,,,,,,,,,,,,,,,,,,"In the one door office, the motion detector is going to go off regardless as soon as Suzy comes in, and she's supposed to be there no matter, so Billy's entrance doesn't matter in regards to the motion detector. So since Suzy is always supposed to be there, she's the original cause of it going off in the one door office. In the case of the two door office, since Billy isn't supposed to be there and his presence would be required to set the detector off, he must be the cause in that instance.",1,35,1,1,white,2,1,ConjRight
2019-06-26 17:52:40,2019-06-26 17:55:16,0,61.2.34.33,100,156,1,2019-06-26 17:55:17,R_syPPVd4NzqCT9eN,,,,,8.1938934326171875,77.431396484375,anonymous,EN,,,,,james,1,1,1,1,2,2,,,,,,,,,,,,,,,,,,,,,,,,,,,,,,,,,,,,,,,,,,,,,,,,,,,1,2,2,1,1,2,,,,,,,,,,,,,,,,,,,,,,,,,,,,,,,,,,,,,,,,,,,,,,,,,,,,,,,,,,1,ConjLeft
2019-06-26 17:48:32,2019-06-26 17:56:32,0,142.229.115.125,100,479,1,2019-06-26 17:56:33,R_2e3BzSx8OUyKgso,,,,,53.5348968505859375,-113.518096923828125,anonymous,EN,Emma,,,,,1,2,1,1,1,2,,,,,,,,,,,,,,,,,,,,,,,,,,,,,,,,,,,,,,,,,,,,,,,,,,,,,,,,,,,,,,,,,,,,,,,,,,,,,,,,,100,0,0,23.44,49.104,52.917,5,2,12.832,20.624,23.957,4,100,0,100,14.859,22.643,28.217,3,2,10.054,10.054,12.245,1,,27,"The person who was not supposed to be in the office triggered the alarm in my opinion, So I chose Suzy.
Though from a logical stand point I would say they both triggered the alarms in both cases since the detector would not discriminate as it wouldn't know who was supposed to be there and who was not.",1,32,2,1,Caucasian,2,2,ConjRight
2019-06-26 17:28:16,2019-06-26 18:05:42,0,103.110.238.197,100,2245,1,2019-06-26 18:05:42,R_3lPL6B3MDVXKOs9,,,,,11.350006103515625,77.733306884765625,anonymous,EN,,,,Noah,,1,2,1,2,1,2,,,,,,,,,,,,,,,,,,,,,,,,,,,,,,,,,,,,,,,,,,,,,,,,,,,1,2,2,1,2,1,,,,,,,,,,,,,,,,,,,,,,,,,,,,,,,,,,,,,,,,,,,,,,,,,,,,,,,,,,2,ConjLeft
2019-06-26 17:55:35,2019-06-26 18:06:23,0,61.2.34.33,100,648,1,2019-06-26 18:06:24,R_278vxEiPwcg1m5Z,,,,,8.1938934326171875,77.431396484375,anonymous,EN,,,,,james,1,2,1,1,1,2,,,,,,,,,,,,,,,,,,,,,,,,,,,,,,,,,,,,,,,,,,,,,,,,,,,,,,,,,82,82,91,5.051,12.363,13.779,5,1,16.567,52.551,55.087,3,86,84,89,2.416,4.487,16.625,3,1,13.583,13.583,14.56,1,,,,,,,,,,,,,,,,,,,,,,,,,90,,very nice,1,22,2,1,asian,1,2,ConjLeft
2019-06-26 17:43:49,2019-06-26 18:07:48,0,45.119.172.247,100,1438,1,2019-06-26 18:07:49,R_3rIgbwQenuiGUNc,,,,,8.1938934326171875,77.431396484375,anonymous,EN,Emma,,,,,1,2,1,1,1,2,,,,,,,,,,,,,,,,,,,,,,,,,,,,,,,,,,,,,,,,,,,,,,,,,,,,,,,,,,,,,,,,,,,,,,,,,,,,,,,,,78,1,73,44.548,60.899,61.669,6,1,26.825,27.905,29.618,2,99,1,1,11.536,21.989,23.474,6,1,21.909,21.909,23.79,1,,48,In two door office i will understand to easily respond to the answers then also nice survey,1,24,2,1,Asian,1,2,ConjRight
2019-06-26 18:00:39,2019-06-26 18:08:18,0,97.87.136.176,100,459,1,2019-06-26 18:08:19,R_vp4bkqYEjvFXRRv,,,,,38.547607421875,-90.3240966796875,anonymous,EN,,Benjamin,,,,1,2,2,1,2,2,,,,,,,,,,,,,,,,,,,,,,,,,0,100,0,22.849,43.241,49.472,3,1,16.388,16.388,19.635,1,0,100,0,9.118,17.316,18.795,3,1,9.004,9.004,11.989,1,,18,1,2,1,1,2,2,,,,,,,,,,,,,,,,,,,,,,,,,,,,,,,,,,,,,,,,,,,,,,,,,,,"The statement, ""the motion detector will go off as soon as one person enters the room""",1,22,2,1,white,2,1,ConjRight
2019-06-26 18:16:51,2019-06-26 18:17:08,0,122.164.86.232,100,16,1,2019-06-26 18:17:08,R_1OE0cGHaO3Z3hbL,,,,,9.981903076171875,76.28448486328125,anonymous,EN,,,,noah,,,,,,,,,,,,,,,,,,,,,,,,,,,,,,,,,,,,,,,,,,,,,,,,,,,,,,,,,,,,,,,,,,,,,,,,,,,,,,,,,,,,,,,,,,,,,,,,,,,,,,,,,,,,,,,,,,,,,,,,,,
2019-06-26 17:59:26,2019-06-26 18:18:18,0,24.102.82.143,100,1131,1,2019-06-26 18:18:18,R_2wdGzwCHZefDAXF,,,,,40.7787017822265625,-73.91320037841796875,anonymous,EN,Emma,,,,,2,1,1,1,2,2,0,100,0,15.087,45.654,60.26,13,1,8.491,10.346,11.786,2,0,100,100,9.283,19.655,20.533,8,2,5.443,29.569,31.103,5,,,,,,,,,,,,,,,,,,,,,,,,,,0,1,2,1,1,2,2,,,,,,,,,,,,,,,,,,,,,,,,,,,,,,,,,,,,,,,,,,,,,,,,,,,"The assumption would be that Billy would not come into the one door office and the only person responsible for triggering the alarm is Suzy. If one person goes through the one door, the alarm will be set off. Suzy set it off so it's her fault. This study was very interesting, thanks!",1,24,2,1,Latino,1,1,ConjRight
2019-06-26 18:12:28,2019-06-26 18:18:20,0,173.67.43.44,100,351,1,2019-06-26 18:18:20,R_5AWgqD1e6Uv5e7L,,,,,39.21240234375,-76.87760162353515625,anonymous,EN,,Benjamin,,,,1,2,2,1,2,2,,,,,,,,,,,,,,,,,,,,,,,,,,,,,,,,,,,,,,,,,,,,,,,,,,,1,1,2,1,2,2,,,,,,,,,,,,,,,,,,,,,,,,,,,,,,,,,,,,,,,,,,,,,,,,,,,,,,,,,,2,ConjLeft
2019-06-26 18:03:32,2019-06-26 18:26:40,0,104.238.37.184,100,1388,1,2019-06-26 18:26:42,R_WBsR4nhcJ8xm037,,,,,42.356201171875,-71.06310272216796875,anonymous,EN,,,,Noah,,1,2,1,1,1,2,,,,,,,,,,,,,,,,,,,,,,,,,,,,,,,,,,,,,,,,,,,,,,,,,,,,,,,,,76,19,79,5.483,27.347,29.12,8,2,22.509,22.509,24.688,1,73,0,0,3.259,31.889,32.952,9,2,4.52,18.817,23.127,2,,,,,,,,,,,,,,,,,,,,,,,,,82,,I made my decisions based on the scenarios.,1,26,2,1,black,2,2,ConjLeft
2019-06-26 18:24:23,2019-06-26 18:28:52,0,205.153.204.1,100,268,1,2019-06-26 18:28:53,R_2fC1XjU3elgAkXi,,,,,42.293304443359375,-121.81689453125,anonymous,EN,,,,,James,1,2,1,1,1,2,,,,,,,,,,,,,,,,,,,,,,,,,,,,,,,,,,,,,,,,,,,,,,,,,,,,,,,,,100,0,100,11.822,21.357,22.371,5,1,11.201,11.201,12.757,1,100,0,100,9.925,15.302,15.938,4,2,6.976,6.976,11.485,1,,,,,,,,,,,,,,,,,,,,,,,,,74,,Weather ther was one or two doors,1,45,2,1,White,2,2,ConjLeft
2019-06-26 18:31:56,2019-06-26 18:32:03,0,122.164.86.232,100,6,1,2019-06-26 18:32:03,R_2uOt9FgGQ3uE8N1,,,,,9.981903076171875,76.28448486328125,anonymous,EN,emma,,,,,,,,,,,,,,,,,,,,,,,,,,,,,,,,,,,,,,,,,,,,,,,,,,,,,,,,,,,,,,,,,,,,,,,,,,,,,,,,,,,,,,,,,,,,,,,,,,,,,,,,,,,,,,,,,,,,,,,,,,,,,
2019-06-26 18:21:38,2019-06-26 18:33:44,0,184.102.136.80,100,726,1,2019-06-26 18:33:45,R_puP9AvaGRbTP9Hr,,,,,40.136199951171875,-95.21379852294921875,anonymous,EN,,Benjamin,,,,1,2,1,1,2,2,0,100,0,23.691,32.075,36.787,3,1,13.238,13.238,15.618,1,0,100,100,10.078,15.992,19.837,3,2,6.807,6.807,11.818,1,,,,,,,,,,,,,,,,,,,,,,,,,,0,,,,,,,,,,,,,,,,,,,,,,,,,,,,,,,,,,,,,,,,,,,,,,,,,,,,,,,,,Suzy was supposed to be there anyway.,1,46,1,1,white,2,1,ConjRight
2019-06-26 18:17:19,2019-06-26 18:45:31,0,122.164.86.232,100,1691,1,2019-06-26 18:45:32,R_3G1AnspCvMfONBz,,,,,9.981903076171875,76.28448486328125,anonymous,EN,,Benjamin,,,,2,1,2,2,1,2,,,,,,,,,,,,,,,,,,,,,,,,,,,,,,,,,,,,,,,,,,,,,,,,,,,2,1,2,2,2,2,,,,,,,,,,,,,,,,,,,,,,,,,,,,,,,,,,,,,,,,,,,,,,,,,,,,,,,,,,2,ConjRight
2019-06-26 18:34:00,2019-06-26 18:49:11,0,23.244.106.45,100,910,1,2019-06-26 18:49:11,R_21uEkSLhXuybjx8,,,,,35.15179443359375,-106.5789031982421875,anonymous,EN,,,,,James,1,2,2,1,2,2,0,100,0,15.778,74.418,75.364,6,1,12.677,18.268,24.062,3,0,100,100,9.136,29.699,30.316,3,2,8.731,8.731,11.187,1,,,,,,,,,,,,,,,,,,,,,,,,,,100,1,2,1,1,2,2,,,,,,,,,,,,,,,,,,,,,,,,,,,,,,,,,,,,,,,,,,,,,,,,,,,,1,32,2,2,,2,1,ConjRight
2019-06-26 18:46:55,2019-06-26 18:58:51,0,71.28.174.251,100,716,1,2019-06-26 18:58:51,R_1kLgvdQLqitz6XY,,,,,38.7505950927734375,-84.1566009521484375,anonymous,EN,,,,,James,1,2,1,1,1,2,,,,,,,,,,,,,,,,,,,,,,,,,,,,,,,,,,,,,,,,,,,,,,,,,,,,,,,,,100,0,100,18.732,51.112,51.899,3,2,19.451,19.451,21.667,1,100,0,0,12.448,27.327,28.688,3,2,8.305,8.305,11.858,1,,,,,,,,,,,,,,,,,,,,,,,,,,0,"the light would more likely go on with both entering in to a one door room before it would a 2 door room ",1,56,1,1,white,2,2,ConjRight
2019-06-26 16:40:13,2019-06-26 16:40:27,0,73.162.57.19,50,13,0,2019-06-26 19:41:50,R_2RUlZ2Oy5tpchGV,,,,,,,anonymous,EN,,Benjamin,,,,,,,,,,,,,,,,,,,,,,,,,,,,,,,,,,,,,,,,,,,,,,,,,,,,,,,,,,,,,,,,,,,,,,,,,,,,,,,,,,,,,,,,,,,,,,,,,,,,,,,,,,,,,,,,,,,,,,,,,,,2,ConjRight
2019-06-26 17:03:10,2019-06-26 17:04:56,0,68.52.51.80,97,105,0,2019-06-26 19:41:50,R_bBgG9YVusxmSuGJ,,,,,,,anonymous,EN,,,,,James,1,2,2,1,1,2,,,,,,,,,,,,,,,,,,,,,,,,,,,,,,,,,,,,,,,,,,,,,,,,,,,1,2,2,1,1,2,,,,,,,,,,,,,,,,,,,,,,,,,,,,,,,,,,,,,,,,,,,,,,,,,,,,,,,,,,2,ConjRight
2019-06-26 18:07:45,2019-06-26 18:11:30,0,173.67.43.44,50,225,0,2019-06-26 19:41:51,R_3lGlgGgIxdPCYJs,,,,,,,anonymous,EN,,Benjamin,,,,1,2,2,1,2,2,,,,,,,,,,,,,,,,,,,,,,,,,,,,,,,,,,,,,,,,,,,,,,,,,,,2,1,2,1,2,2,,,,,,,,,,,,,,,,,,,,,,,,,,,,,,,,,,,,,,,,,,,,,,,,,,,,,,,,,,1,ConjRight
2019-06-26 16:45:30,2019-06-26 16:46:54,0,24.16.80.228,73,83,0,2019-06-26 19:41:51,R_231zYNVw20zr8ZT,,,,,,,anonymous,EN,Emma,,,,,2,2,1,1,1,2,,,,,,,,,,,,,,,,,,,,,,,,,,,,,,,,,,,,,,,,,,,,,,,,,,,,,,,,,,,,,,,,,,,,,,,,,,,,,,,,,,,,,,,,,,,,,,,,,,,,,,,,,,,,,,,,,,2,ConjRight
2019-06-26 16:43:31,2019-06-26 16:45:02,0,38.100.151.206,4,91,0,2019-06-26 19:41:51,R_1rk1VQPxRzZtz1R,,,,,,,anonymous,EN,Emma,,,,,,,,,,,,,,,,,,,,,,,,,,,,,,,,,,,,,,,,,,,,,,,,,,,,,,,,,,,,,,,,,,,,,,,,,,,,,,,,,,,,,,,,,,,,,,,,,,,,,,,,,,,,,,,,,,,,,,,,,,,,1,ConjRight
2019-06-26 16:47:49,2019-06-26 16:54:14,0,157.51.167.26,27,385,0,2019-06-26 19:42:07,R_33ybBEYYevAkLTP,,,,,,,anonymous,EN,Emma,,,,,1,2,2,1,1,2,,,,,,,,,,,,,,,,,,,,,,,,,,,,,,,,,,,,,,,,,,,,,,,,,,,,,,,,,,,,,,,,,,,,,,,,,,,,,,,,,,,,,,,,,,,,,,,,,,,,,,,,,,,,,,,,,,1,ConjLeft
2019-06-26 16:49:11,2019-06-26 16:51:41,0,157.50.110.36,3,150,0,2019-06-26 19:42:07,R_3w1DqvLKdUZ05WN,,,,,,,anonymous,EN,Emma,,,,,,,,,,,,,,,,,,,,,,,,,,,,,,,,,,,,,,,,,,,,,,,,,,,,,,,,,,,,,,,,,,,,,,,,,,,,,,,,,,,,,,,,,,,,,,,,,,,,,,,,,,,,,,,,,,,,,,,,,,,,1,ConjRight
2019-06-26 17:52:03,2019-06-26 17:52:48,0,220.158.140.33,3,45,0,2019-06-26 19:42:07,R_2CQFuVRNJ0OF3FF,,,,,,,anonymous,EN,,Benjamin,,,,,,,,,,,,,,,,,,,,,,,,,,,,,,,,,,,,,,,,,,,,,,,,,,,,,,,,,,,,,,,,,,,,,,,,,,,,,,,,,,,,,,,,,,,,,,,,,,,,,,,,,,,,,,,,,,,,,,,,,,,1,ConjLeft
2019-06-26 16:47:16,2019-06-26 16:54:29,0,157.51.132.45,4,433,0,2019-06-26 19:42:07,R_1mDD0v3tjkVJ57S,,,,,,,anonymous,EN,,,Ava,,,,,,,,,,,,,,,,,,,,,,,,,,,,,,,,,,,,,,,,,,,,,,,,,,,,,,,,,,,,,,,,,,,,,,,,,,,,,,,,,,,,,,,,,,,,,,,,,,,,,,,,,,,,,,,,,,,,,,,,,,1,ConjRight
2019-06-26 17:40:54,2019-06-26 17:43:46,0,45.119.172.247,51,172,0,2019-06-26 19:42:07,R_31SKustPs1S137j,,,,,,,anonymous,EN,,Benjamin,,,,,,,,,,,,,,,,,,,,,,,,,,,,,,,,,,,,,,,,,,,,,,,,,,,,,,,,,,,,,,,,,,,,,,,,,,,,,,,,,,,,,,,,,,,,,,,,,,,,,,,,,,,,,,,,,,,,,,,,,,,2,ConjLeft
2019-06-26 17:08:09,2019-06-26 17:09:39,0,68.207.246.47,4,90,0,2019-06-26 19:42:11,R_9YNZSae5mtpGr9D,,,,,,,anonymous,EN,,,,Noah,,,,,,,,,,,,,,,,,,,,,,,,,,,,,,,,,,,,,,,,,,,,,,,,,,,,,,,,,,,,,,,,,,,,,,,,,,,,,,,,,,,,,,,,,,,,,,,,,,,,,,,,,,,,,,,,,,,,,,,,,1,ConjRight
2019-06-26 17:24:31,2019-06-26 17:26:00,0,173.112.10.137,50,89,0,2019-06-26 19:42:11,R_tSa99ebxKLKsmZz,,,,,,,anonymous,EN,,,,,James,1,2,2,1,2,1,,,,,,,,,,,,,,,,,,,,,,,,,,,,,,,,,,,,,,,,,,,,,,,,,,,1,2,2,1,1,2,,,,,,,,,,,,,,,,,,,,,,,,,,,,,,,,,,,,,,,,,,,,,,,,,,,,,,,,,,1,ConjLeft
2019-06-26 17:03:50,2019-06-26 17:04:05,0,162.245.106.150,3,15,0,2019-06-26 19:42:24,R_1FhMDjyRMlsZja9,,,,,,,anonymous,EN,,,,,James,,,,,,,,,,,,,,,,,,,,,,,,,,,,,,,,,,,,,,,,,,,,,,,,,,,,,,,,,,,,,,,,,,,,,,,,,,,,,,,,,,,,,,,,,,,,,,,,,,,,,,,,,,,,,,,,,,,,,,,,1,ConjRight
2019-06-26 17:29:48,2019-06-26 17:31:07,0,104.0.74.90,26,78,0,2019-06-26 19:42:24,R_POspDsrmvsAYI8x,,,,,,,anonymous,EN,,,,,James,1,2,1,1,2,1,,,,,,,,,,,,,,,,,,,,,,,,,,,,,,,,,,,,,,,,,,,,,,,,,,,,,,,,,,,,,,,,,,,,,,,,,,,,,,,,,,,,,,,,,,,,,,,,,,,,,,,,,,,,,,,,,,1,ConjRight
2019-06-26 17:48:28,2019-06-26 18:12:19,0,173.67.43.44,50,1431,0,2019-06-26 19:42:24,R_2D5ew0HZTwkeOhn,,,,,,,anonymous,EN,,,,Noah,,1,2,2,1,2,1,,,,,,,,,,,,,,,,,,,,,,,,,,,,,,,,,,,,,,,,,,,,,,,,,,,1,1,2,1,2,2,,,,,,,,,,,,,,,,,,,,,,,,,,,,,,,,,,,,,,,,,,,,,,,,,,,,,,,,,,1,ConjRight
