StartDate,EndDate,Status,IPAddress,Progress,Duration (in seconds),Finished,RecordedDate,ResponseId,RecipientLastName,RecipientFirstName,RecipientEmail,ExternalReference,LocationLatitude,LocationLongitude,DistributionChannel,UserLanguage,Q37,Q38,Q39,Q40,Q41,Check1_1,Check1_2,Check1_3,Check1_4,Check1_5,Check1_6,BAbnorm_Conj_Billy1_1,BAbnorm_Conj_Suzy1_1,BAbnorm_Conjunctive1_1,Q52_First Click,Q52_Last Click,Q52_Page Submit,Q52_Click Count,BAbnorm_Conj_Exp1,Q53_First Click,Q53_Last Click,Q53_Page Submit,Q53_Click Count,BAbnorm_Disj_Billy1_1,BAbnorm_Disj_Suzy1_1,BAbnorm_Disjunctive1_1,Q87_First Click,Q87_Last Click,Q87_Page Submit,Q87_Click Count,BAbnorm_Disj_Exp1,Q90_First Click,Q90_Last Click,Q90_Page Submit,Q90_Click Count,BAbnorm_Disj_Billy2_1,BAbnorm_Disj_Suzy2_1,BAbnorm_Disjunctive2_1,Q126_First Click,Q126_Last Click,Q126_Page Submit,Q126_Click Count,BAbnorm_Disj_Exp2,Q131_First Click,Q131_Last Click,Q131_Page Submit,Q131_Click Count,BAbnorm_Conj_Billy2_1,BAbnorm_Conj_Suzy2_1,BAbnorm_Conjunctive2_1,Q128_First Click,Q128_Last Click,Q128_Page Submit,Q128_Click Count,BAbnorm_Conj_Exp2,Q122_First Click,Q122_Last Click,Q122_Page Submit,Q122_Click Count,BSelected_ConjLeft_1,BSelected_ConjRight_1,Check2_1,Check2_2,Check2_3,Check2_4,Check2_5,Check2_6,SAbnorm_Disj_Billy1_1,SAbnorm_Disj_Suzy1_1,SAbnorm_Disjunctive1_1,Q140_First Click,Q140_Last Click,Q140_Page Submit,Q140_Click Count,SAbnorm_Disj_Exp1,Q143_First Click,Q143_Last Click,Q143_Page Submit,Q143_Click Count,SAbnorm_Conj_Billy1_1,SAbnorm_Conj_Suzy1_1,SAbnorm_Conjunctive1_1,Q148_First Click,Q148_Last Click,Q148_Page Submit,Q148_Click Count,SAbnorm_Conj_Exp1,Q151_First Click,Q151_Last Click,Q151_Page Submit,Q151_Click Count,SAbnorm_Conj_Billy2_1,SAbnorm_Conj_Suzy2_1,SAbnorm_Conjunctive2_1,45_First Click,45_Last Click,45_Page Submit,45_Click Count,SAbnorm_Conj_Exp2,Q162_First Click,Q162_Last Click,Q162_Page Submit,Q162_Click Count,SAbnorm_Disj_Billy2_1,SAbnorm_Disj_Suzy2_1,SAbnorm_Disjunctive2_1,S89_First Click,S89_Last Click,S89_Page Submit,S89_Click Count,SAbnorm_Disj_Exp2,Q171_First Click,Q171_Last Click,Q171_Page Submit,Q171_Click Count,SSelected_ConjLeft_1,SSelected_ConjRight_1,Feedback,Age,Age_1_TEXT,Gender,Race,Race_1_TEXT,Ethnicity,NormCondition,Structure
Start Date,End Date,Response Type,IP Address,Progress,Duration (in seconds),Finished,Recorded Date,Response ID,Recipient Last Name,Recipient First Name,Recipient Email,External Data Reference,Location Latitude,Location Longitude,Distribution Channel,User Language,"Are you a bot?

 

Liam says to Emma: ""It's a beautiful day, isn't it?""
 

Who is Liam talking to? (case sensitive)","Are you a bot?

 

Mia says to Benjamin: ""It's a beautiful day, isn't it?""
 

Who is Mia talking to? (case sensitive)","Are you a bot?

 

William says to Ava: ""It's a beautiful day, isn't it?""
 

Who is William talking to? (case sensitive)","Are you a bot?

 

Amelia says to Noah: ""It's a beautiful day, isn't it?""
 

Who is Amelia talking to? (case sensitive)","Are you a bot?

 

Evelyn says to James: ""It's a beautiful day, isn't it?""
 

Who is Evelyn talking to? (case sensitive)",Check1_1,Check1_2,Check1_3,Check1_4,Check1_5,Check1_6,"How much do you agree with the following statements?

 

                       ""Billy is allowed to come into the office at 9am the next morning"".","""Suzy is allowed to come into the office at 9am the next morning"".","""If only one of the two employees enters the office, the motion detector will go off.""",Timing - First Click,Timing - Last Click,Timing - Page Submit,Timing - Click Count,Which of the following statements better describes what has happened in this situation?,Timing - First Click,Timing - Last Click,Timing - Page Submit,Timing - Click Count,"How much do you agree with the following statements?

 

                       ""Billy is allowed to come into the office at 9am the next morning"".","""Suzy is allowed to come into the office at 9am the next morning"".","""If only one of the two employees enters the office, the motion detector will go off.""",Timing - First Click,Timing - Last Click,Timing - Page Submit,Timing - Click Count,Which of the following statements better describes what has happened in this situation?,Timing - First Click,Timing - Last Click,Timing - Page Submit,Timing - Click Count,"How much do you agree with the following statements?

 

                       ""Billy is allowed to come into the office at 9am the next morning"".","""Suzy is allowed to come into the office at 9am the next morning"".","""If only one of the two employees enters the office, the motion detector will go off.""",Timing - First Click,Timing - Last Click,Timing - Page Submit,Timing - Click Count,Which of the following statements better describes what has happened in this situation?,Timing - First Click,Timing - Last Click,Timing - Page Submit,Timing - Click Count,"How much do you agree with the following statements?

 

                       ""Billy is allowed to come into the office at 9am the next morning"".","""Suzy is allowed to come into the office at 9am the next morning"".","""If only one of the two employees enters the office, the motion detector will go off.""",Timing - First Click,Timing - Last Click,Timing - Page Submit,Timing - Click Count,Which of the following statements better describes what has happened in this situation?,Timing - First Click,Timing - Last Click,Timing - Page Submit,Timing - Click Count,"Given Ben's decision, which of these two scenes did he see?","Given Ben's decision, which of these two scenes did he see?",Check2_1,Check2_2,Check2_3,Check2_4,Check2_5,Check2_6,"How much do you agree with the following statements?

 

                    ""Billy is allowed to come into the office at 9am the next morning"".","""Suzy is allowed to come into the office at 9am the next morning"".","""If only one of the two employees enters the office, the motion detector will go off.""",Timing - First Click,Timing - Last Click,Timing - Page Submit,Timing - Click Count,Which of the following statements better describes what has happened in this situation?,Timing - First Click,Timing - Last Click,Timing - Page Submit,Timing - Click Count,"How much do you agree with the following statements?

 

                    ""Billy is allowed to come into the office at 9am the next morning"".","""Suzy is allowed to come into the office at 9am the next morning"".","""If only one of the two employees enters the office, the motion detector will go off.""",Timing - First Click,Timing - Last Click,Timing - Page Submit,Timing - Click Count,Which of the following statements better describes what has happened in this situation?,Timing - First Click,Timing - Last Click,Timing - Page Submit,Timing - Click Count,"How much do you agree with the following statements?

 

                       ""Billy is allowed to come into the office at 9am the next morning"".","""Suzy is allowed to come into the office at 9am the next morning"".","""If only one of the two employees enters the office, the motion detector will go off.""",Timing - First Click,Timing - Last Click,Timing - Page Submit,Timing - Click Count,Which of the following statements better describes what has happened in this situation?,Timing - First Click,Timing - Last Click,Timing - Page Submit,Timing - Click Count,"How much do you agree with the following statements?

 

                       ""Billy is allowed to come into the office at 9am the next morning"".","""Suzy is allowed to come into the office at 9am the next morning"".","""If only one of the two employees enters the office, the motion detector will go off.""",Timing - First Click,Timing - Last Click,Timing - Page Submit,Timing - Click Count,Which of the following statements better describes what has happened in this situation?,Timing - First Click,Timing - Last Click,Timing - Page Submit,Timing - Click Count,"Given Ben's decision, which of these two scenes did he see?","Given Ben's decision, which of these two scenes did he see?","Thank you for answering these questions. 

 

What factors influenced your decision about which of the two scenes was more likely? Do you have any other comments about the experiment?","Please provide the following demographic information to complete the study. 
 

1. My age is: - Selected Choice","Please provide the following demographic information to complete the study. 
 

1. My age is: - My age in years is - Text",2. Gender,3. Race - Selected Choice,3. Race - I am - Text,Ethnicity,NormCondition,Structure
"{""ImportId"":""startDate"",""timeZone"":""Europe/London""}","{""ImportId"":""endDate"",""timeZone"":""Europe/London""}","{""ImportId"":""status""}","{""ImportId"":""ipAddress""}","{""ImportId"":""progress""}","{""ImportId"":""duration""}","{""ImportId"":""finished""}","{""ImportId"":""recordedDate"",""timeZone"":""Europe/London""}","{""ImportId"":""_recordId""}","{""ImportId"":""recipientLastName""}","{""ImportId"":""recipientFirstName""}","{""ImportId"":""recipientEmail""}","{""ImportId"":""externalDataReference""}","{""ImportId"":""locationLatitude""}","{""ImportId"":""locationLongitude""}","{""ImportId"":""distributionChannel""}","{""ImportId"":""userLanguage""}","{""ImportId"":""QID37_TEXT""}","{""ImportId"":""QID38_TEXT""}","{""ImportId"":""QID39_TEXT""}","{""ImportId"":""QID40_TEXT""}","{""ImportId"":""QID41_TEXT""}","{""ImportId"":""QID61""}","{""ImportId"":""QID109""}","{""ImportId"":""QID63""}","{""ImportId"":""QID64""}","{""ImportId"":""QID35""}","{""ImportId"":""QID67""}","{""ImportId"":""QID22_1""}","{""ImportId"":""QID23_1""}","{""ImportId"":""QID24_1""}","{""ImportId"":""QID59_FIRST_CLICK""}","{""ImportId"":""QID59_LAST_CLICK""}","{""ImportId"":""QID59_PAGE_SUBMIT""}","{""ImportId"":""QID59_CLICK_COUNT""}","{""ImportId"":""QID26""}","{""ImportId"":""QID60_FIRST_CLICK""}","{""ImportId"":""QID60_LAST_CLICK""}","{""ImportId"":""QID60_PAGE_SUBMIT""}","{""ImportId"":""QID60_CLICK_COUNT""}","{""ImportId"":""QID84_1""}","{""ImportId"":""QID85_1""}","{""ImportId"":""QID86_1""}","{""ImportId"":""QID87_FIRST_CLICK""}","{""ImportId"":""QID87_LAST_CLICK""}","{""ImportId"":""QID87_PAGE_SUBMIT""}","{""ImportId"":""QID87_CLICK_COUNT""}","{""ImportId"":""QID89""}","{""ImportId"":""QID90_FIRST_CLICK""}","{""ImportId"":""QID90_LAST_CLICK""}","{""ImportId"":""QID90_PAGE_SUBMIT""}","{""ImportId"":""QID90_CLICK_COUNT""}","{""ImportId"":""QID125_1""}","{""ImportId"":""QID126_1""}","{""ImportId"":""QID127_1""}","{""ImportId"":""QID133_FIRST_CLICK""}","{""ImportId"":""QID133_LAST_CLICK""}","{""ImportId"":""QID133_PAGE_SUBMIT""}","{""ImportId"":""QID133_CLICK_COUNT""}","{""ImportId"":""QID130""}","{""ImportId"":""QID131_FIRST_CLICK""}","{""ImportId"":""QID131_LAST_CLICK""}","{""ImportId"":""QID131_PAGE_SUBMIT""}","{""ImportId"":""QID131_CLICK_COUNT""}","{""ImportId"":""QID116_1""}","{""ImportId"":""QID117_1""}","{""ImportId"":""QID118_1""}","{""ImportId"":""QID128_FIRST_CLICK""}","{""ImportId"":""QID128_LAST_CLICK""}","{""ImportId"":""QID128_PAGE_SUBMIT""}","{""ImportId"":""QID128_CLICK_COUNT""}","{""ImportId"":""QID121""}","{""ImportId"":""QID122_FIRST_CLICK""}","{""ImportId"":""QID122_LAST_CLICK""}","{""ImportId"":""QID122_PAGE_SUBMIT""}","{""ImportId"":""QID122_CLICK_COUNT""}","{""ImportId"":""QID96_1""}","{""ImportId"":""QID94_1""}","{""ImportId"":""QID77""}","{""ImportId"":""QID78""}","{""ImportId"":""QID79""}","{""ImportId"":""QID80""}","{""ImportId"":""QID81""}","{""ImportId"":""QID82""}","{""ImportId"":""QID137_1""}","{""ImportId"":""QID138_1""}","{""ImportId"":""QID139_1""}","{""ImportId"":""QID140_FIRST_CLICK""}","{""ImportId"":""QID140_LAST_CLICK""}","{""ImportId"":""QID140_PAGE_SUBMIT""}","{""ImportId"":""QID140_CLICK_COUNT""}","{""ImportId"":""QID142""}","{""ImportId"":""QID143_FIRST_CLICK""}","{""ImportId"":""QID143_LAST_CLICK""}","{""ImportId"":""QID143_PAGE_SUBMIT""}","{""ImportId"":""QID143_CLICK_COUNT""}","{""ImportId"":""QID145_1""}","{""ImportId"":""QID146_1""}","{""ImportId"":""QID147_1""}","{""ImportId"":""QID148_FIRST_CLICK""}","{""ImportId"":""QID148_LAST_CLICK""}","{""ImportId"":""QID148_PAGE_SUBMIT""}","{""ImportId"":""QID148_CLICK_COUNT""}","{""ImportId"":""QID150""}","{""ImportId"":""QID151_FIRST_CLICK""}","{""ImportId"":""QID151_LAST_CLICK""}","{""ImportId"":""QID151_PAGE_SUBMIT""}","{""ImportId"":""QID151_CLICK_COUNT""}","{""ImportId"":""QID156_1""}","{""ImportId"":""QID157_1""}","{""ImportId"":""QID158_1""}","{""ImportId"":""QID159_FIRST_CLICK""}","{""ImportId"":""QID159_LAST_CLICK""}","{""ImportId"":""QID159_PAGE_SUBMIT""}","{""ImportId"":""QID159_CLICK_COUNT""}","{""ImportId"":""QID161""}","{""ImportId"":""QID162_FIRST_CLICK""}","{""ImportId"":""QID162_LAST_CLICK""}","{""ImportId"":""QID162_PAGE_SUBMIT""}","{""ImportId"":""QID162_CLICK_COUNT""}","{""ImportId"":""QID165_1""}","{""ImportId"":""QID166_1""}","{""ImportId"":""QID167_1""}","{""ImportId"":""QID168_FIRST_CLICK""}","{""ImportId"":""QID168_LAST_CLICK""}","{""ImportId"":""QID168_PAGE_SUBMIT""}","{""ImportId"":""QID168_CLICK_COUNT""}","{""ImportId"":""QID170""}","{""ImportId"":""QID171_FIRST_CLICK""}","{""ImportId"":""QID171_LAST_CLICK""}","{""ImportId"":""QID171_PAGE_SUBMIT""}","{""ImportId"":""QID171_CLICK_COUNT""}","{""ImportId"":""QID32_1""}","{""ImportId"":""QID92_1""}","{""ImportId"":""QID48_TEXT""}","{""ImportId"":""QID49""}","{""ImportId"":""QID49_1_TEXT""}","{""ImportId"":""QID50""}","{""ImportId"":""QID51""}","{""ImportId"":""QID51_1_TEXT""}","{""ImportId"":""QID52""}","{""ImportId"":""NormCondition""}","{""ImportId"":""Structure""}"
2019-06-25 01:04:49,2019-06-25 01:12:50,0,73.167.138.231,100,480,1,2019-06-25 01:12:51,R_2TpK5ySnCPOPZe9,,,,,43.614105224609375,-72.97080230712890625,anonymous,EN,,,,,James,1,2,1,1,2,2,,,,,,,,,,,,,,,,,,,,,,,,,0,100,100,16.198,22.366,23.401,3,2,11.704,15.263,16.14,3,0,99,0,7.625,12.915,14.723,3,1,7.115,7.115,16.922,1,,100,,,,,,,,,,,,,,,,,,,,,,,,,,,,,,,,,,,,,,,,,,,,,,,,,,,,,,,,,"I think it was the two door because if it was that one, it wouldn't hve gone off had Ben not come in",1,29,1,1,black and white,2,1,ConjRight
2019-06-25 01:06:50,2019-06-25 01:15:07,0,73.42.234.169,100,496,1,2019-06-25 01:15:08,R_3lAN6LUX7pRTbZh,,,,,46.7245941162109375,-122.96710205078125,anonymous,EN,,,,Noah,,1,2,1,1,1,2,,,,,,,,,,,,,,,,,,,,,,,,,,,,,,,,,,,,,,,,,,,,,,,,,,,,,,,,,100,0,100,20.762,33.747,34.42,6,1,27.07,27.07,28.032,1,100,0,0,26.296,34.381,38.475,3,2,15.516,15.516,22.296,1,,,,,,,,,,,,,,,,,,,,,,,,,,78,I felt that Suzy was more responsible for the motion sensor going off in regards to the two door office since she was not supposed to be there.,1,44,2,1,asian,1,2,ConjRight
2019-06-25 01:31:48,2019-06-25 01:38:11,0,122.164.225.31,100,382,1,2019-06-25 01:38:11,R_w0LCAXysPxLV42d,,,,,13.0843048095703125,80.280487060546875,anonymous,EN,,,Ava,,,1,2,1,2,1,1,,,,,,,,,,,,,,,,,,,,,,,,,,,,,,,,,,,,,,,,,,,,,,,,,,,1,2,1,2,2,1,,,,,,,,,,,,,,,,,,,,,,,,,,,,,,,,,,,,,,,,,,,,,,,,,,,,,,,,,,1,ConjRight
2019-06-25 01:38:21,2019-06-25 01:40:41,0,122.164.225.31,100,139,1,2019-06-25 01:40:41,R_2aDEAGItaEafcdb,,,,,13.0843048095703125,80.280487060546875,anonymous,EN,,Benjamin,,,,1,2,1,2,1,2,,,,,,,,,,,,,,,,,,,,,,,,,,,,,,,,,,,,,,,,,,,,,,,,,,,1,2,1,1,1,1,,,,,,,,,,,,,,,,,,,,,,,,,,,,,,,,,,,,,,,,,,,,,,,,,,,,,,,,,,2,ConjLeft
2019-06-25 01:38:50,2019-06-25 01:42:20,0,73.8.207.193,100,210,1,2019-06-25 01:42:21,R_2dXvVWkMJT4xMNh,,,,,41.848602294921875,-87.6287994384765625,anonymous,EN,Emma,,,,,1,2,1,1,1,2,,,,,,,,,,,,,,,,,,,,,,,,,,,,,,,,,,,,,,,,,,,,,,,,,,,,,,,,,,,,,,,,,,,,,,,,,,,,,,,,,92,10,10,14.187,22.833,23.604,5,2,6.189,13.171,13.934,10,94,10,88,5.967,14.767,15.118,6,1,5.5,10.651,10.814,6,,14,,1,25,2,2,,2,2,ConjRight
2019-06-25 01:03:45,2019-06-25 01:43:19,0,27.57.26.252,100,2374,1,2019-06-25 01:43:20,R_1rAKjIuMo4j7tFH,,,,,13.0843048095703125,80.280487060546875,anonymous,EN,,,,,James,1,2,1,2,1,2,,,,,,,,,,,,,,,,,,,,,,,,,,,,,,,,,,,,,,,,,,,,,,,,,,,1,1,1,1,2,1,,,,,,,,,,,,,,,,,,,,,,,,,,,,,,,,,,,,,,,,,,,,,,,,,,,,,,,,,,2,ConjRight
2019-06-25 01:43:23,2019-06-25 01:44:12,0,27.57.26.252,100,48,1,2019-06-25 01:44:12,R_1LToa36bbh5uiwq,,,,,13.0843048095703125,80.280487060546875,anonymous,EN,,,Ava,,,1,1,1,1,1,1,,,,,,,,,,,,,,,,,,,,,,,,,,,,,,,,,,,,,,,,,,,,,,,,,,,1,1,1,1,2,2,,,,,,,,,,,,,,,,,,,,,,,,,,,,,,,,,,,,,,,,,,,,,,,,,,,,,,,,,,2,ConjRight
2019-06-25 01:44:16,2019-06-25 01:51:07,0,27.57.26.252,100,410,1,2019-06-25 01:51:07,R_2YfWYqIOu96E3f9,,,,,13.0843048095703125,80.280487060546875,anonymous,EN,,,,Noah,,1,1,1,1,1,2,,,,,,,,,,,,,,,,,,,,,,,,,,,,,,,,,,,,,,,,,,,,,,,,,,,1,2,1,1,1,1,,,,,,,,,,,,,,,,,,,,,,,,,,,,,,,,,,,,,,,,,,,,,,,,,,,,,,,,,,2,ConjRight
2019-06-25 01:51:13,2019-06-25 01:55:10,0,27.57.26.252,100,236,1,2019-06-25 01:55:10,R_aWNzIqORsOXpuYV,,,,,13.0843048095703125,80.280487060546875,anonymous,EN,,,,Noah,,1,2,1,1,1,2,,,,,,,,,,,,,,,,,,,,,,,,,,,,,,,,,,,,,,,,,,,,,,,,,,,,,,,,,,,,,,,,,,,,,,,,,,,,,,,,,74,51,54,4.441,9.425,12.38,6,1,2.423,9.991,11.012,3,80,10,97,2.36,12.066,13.294,8,1,2.9,11.434,11.672,5,88,,It is good work and instruction factor is very helpful and interesting.,1,28,2,1,Asian,2,2,ConjLeft
2019-06-25 01:50:52,2019-06-25 01:58:11,0,24.124.79.158,100,439,1,2019-06-25 01:58:11,R_24wwXAQBz5w2C2M,,,,,38.9683074951171875,-95.269500732421875,anonymous,EN,Emma,,,,,1,2,1,1,2,2,,,,,,,,,,,,,,,,,,,,,,,,,0,100,100,12.219,32.043,34.53,5,2,19.72,19.72,23.595,1,0,100,0,12.169,20.368,22.888,3,1,8.005,8.005,11.197,1,,100,,,,,,,,,,,,,,,,,,,,,,,,,,,,,,,,,,,,,,,,,,,,,,,,,,,,,,,,,Just used the examples given in the instructions.,1,41,2,1,white,2,1,ConjRight
2019-06-25 01:40:44,2019-06-25 02:00:01,0,122.164.225.31,100,1157,1,2019-06-25 02:00:02,R_21yoHAeOlJkK9IR,,,,,13.0843048095703125,80.280487060546875,anonymous,EN,Emma,,,,,1,2,1,1,1,2,,,,,,,,,,,,,,,,,,,,,,,,,,,,,,,,,,,,,,,,,,,,,,,,,,,,,,,,,,,,,,,,,,,,,,,,,,,,,,,,,100,13,0,19.579,49.738,50.522,3,1,13.086,13.086,16.326,1,99,36,19,16.669,34.118,35.185,11,1,2.904,2.904,15.602,1,,93," great work",1,28,2,1,Asian,2,2,ConjRight
2019-06-25 02:00:20,2019-06-25 02:05:30,0,24.127.162.43,100,310,1,2019-06-25 02:05:31,R_2107A0VRpSMTbrM,,,,,42.6829986572265625,-83.38800048828125,anonymous,EN,,,,,James,1,2,1,1,2,2,,,,,,,,,,,,,,,,,,,,,,,,,0,100,100,15.129,24.886,25.736,3,2,17.613,17.613,21.563,1,0,100,0,10.659,23.227,23.61,4,1,10.124,10.124,12.211,1,7,,,,,,,,,,,,,,,,,,,,,,,,,,,,,,,,,,,,,,,,,,,,,,,,,,,,,,,,,,"If just Susan had come it, the sensor would not have gone off, since it went off it was because an extra person (billy) showed up",1,38,1,1,white,2,1,ConjLeft
2019-06-25 01:53:24,2019-06-25 02:09:32,0,171.61.240.160,100,967,1,2019-06-25 02:09:32,R_3oBc1oIgTImzpzj,,,,,13.0843048095703125,80.280487060546875,anonymous,EN,Emma,,,,,1,2,1,1,1,2,,,,,,,,,,,,,,,,,,,,,,,,,,,,,,,,,,,,,,,,,,,,,,,,,,,,,,,,,,,,,,,,,,,,,,,,,,,,,,,,,100,0,48,3.243,7.458,13.392,5,1,1.794,1.794,11.386,1,100,0,57,1.96,7.505,12.075,7,1,0.933,4.476,11.667,2,,79,great work,1,28,1,1,Asian,2,2,ConjRight
2019-06-25 02:31:01,2019-06-25 02:40:11,0,75.110.57.239,100,550,1,2019-06-25 02:40:12,R_2xGnQ29tpyMfcWZ,,,,,35.533599853515625,-77.39099884033203125,anonymous,EN,,,,,James,1,2,1,1,1,2,,,,,,,,,,,,,,,,,,,,,,,,,,,,,,,,,,,,,,,,,,,,,,,,,,,,,,,,,,,,,,,,,,,,,,,,,,,,,,,,,100,0,0,15.823,28.632,31.329,3,2,18.249,18.249,32.131,1,100,0,100,10.935,18.456,27.712,4,1,9.253,9.845,14.886,2,,32,"I think it's more likely that the blame would be placed on Suzy since she was the one who was supposed to be absent. I would place the blame for the detector happening on both equally, though.",1,39,2,1,white,2,2,ConjRight
2019-06-25 00:49:46,2019-06-25 00:50:05,0,68.65.174.224,3,19,0,2019-06-25 05:49:57,R_38UHwkZ75FcVvq1,,,,,,,anonymous,EN,,,Ava,,,,,,,,,,,,,,,,,,,,,,,,,,,,,,,,,,,,,,,,,,,,,,,,,,,,,,,,,,,,,,,,,,,,,,,,,,,,,,,,,,,,,,,,,,,,,,,,,,,,,,,,,,,,,,,,,,,,,,,,,,1,ConjLeft
2019-06-25 16:54:13,2019-06-25 16:58:58,0,24.74.120.186,100,285,1,2019-06-25 16:58:59,R_yPI8pgs1kQayG4N,,,,,35.7989959716796875,-80.8939971923828125,anonymous,EN,Emma,,,,,1,2,1,1,1,2,,,,,,,,,,,,,,,,,,,,,,,,,,,,,,,,,,,,,,,,,,,,,,,,,,,,,,,,,,,,,,,,,,,,,,,,,,,,,,,,,93,0,0,7.219,17.95,19.98,3,2,7.018,7.018,12.961,1,99,0,100,5.441,10.451,18.769,3,1,5.518,5.518,11.343,1,6,,"Based on whether or not someone was at ""fault.""",1,25,1,1,White,2,2,ConjLeft
2019-06-25 16:57:57,2019-06-25 17:02:21,0,68.47.41.174,100,264,1,2019-06-25 17:02:21,R_z87DQ8tX3iecxCF,,,,,44.9691009521484375,-93.2843017578125,anonymous,EN,,,,,James,1,2,1,2,1,1,,,,,,,,,,,,,,,,,,,,,,,,,,,,,,,,,,,,,,,,,,,,,,,,,,,1,2,1,1,2,1,,,,,,,,,,,,,,,,,,,,,,,,,,,,,,,,,,,,,,,,,,,,,,,,,,,,,,,,,,1,ConjLeft
2019-06-25 16:56:03,2019-06-25 17:03:16,0,73.11.242.191,100,433,1,2019-06-25 17:03:16,R_Tot1M5tN2YxcSul,,,,,46.993896484375,-122.7429962158203125,anonymous,EN,,,Ava,,,1,2,1,1,2,2,0,100,0,17.038,29.72,30.693,7,1,16.019,18.083,20.794,2,0,100,100,12.312,23.124,23.896,10,2,9.499,11.381,13.707,2,,,,,,,,,,,,,,,,,,,,,,,,,,91,,,,,,,,,,,,,,,,,,,,,,,,,,,,,,,,,,,,,,,,,,,,,,,,,,,,,,,,,I used my assumptions as the other persons to make my decision.,1,60,1,1,white,2,1,ConjRight
2019-06-25 17:04:24,2019-06-25 17:04:50,0,162.216.143.18,100,25,1,2019-06-25 17:04:50,R_22tCXCam7esShTS,,,,,9.9333038330078125,78.11669921875,anonymous,EN,,benjamin,,,,,,,,,,,,,,,,,,,,,,,,,,,,,,,,,,,,,,,,,,,,,,,,,,,,,,,,,,,,,,,,,,,,,,,,,,,,,,,,,,,,,,,,,,,,,,,,,,,,,,,,,,,,,,,,,,,,,,,,,,,,
2019-06-25 17:02:26,2019-06-25 17:06:22,0,68.47.41.174,100,236,1,2019-06-25 17:06:23,R_3neA2NYFsmEheDv,,,,,44.9691009521484375,-93.2843017578125,anonymous,EN,,,Ava,,,1,2,1,1,2,2,,,,,,,,,,,,,,,,,,,,,,,,,0,100,0,24.248,30.733,31.409,3,1,16.333,16.333,17.023,1,0,100,100,8.935,21.22,23.428,4,1,6.942,6.942,11.071,1,,100,,,,,,,,,,,,,,,,,,,,,,,,,,,,,,,,,,,,,,,,,,,,,,,,,,,,,,,,,I just went with my gut feeling and used the other information that was given to me before.,1,29,1,1,White,2,1,ConjRight
2019-06-25 17:00:24,2019-06-25 17:07:22,0,104.245.229.190,100,417,1,2019-06-25 17:07:22,R_6fyBpLVHpq0ZPNv,,,,,37.99859619140625,-77.8780975341796875,anonymous,EN,,Benjamin,,,,1,2,1,1,1,2,,,,,,,,,,,,,,,,,,,,,,,,,,,,,,,,,,,,,,,,,,,,,,,,,,,,,,,,,100,0,100,18.555,32.926,33.53,5,1,16.935,16.935,18.95,1,100,0,0,21.814,28.782,31.563,3,2,14.24,14.661,16.134,2,,,,,,,,,,,,,,,,,,,,,,,,,0,,more likely to guess detector went of because of suzy if it was two-door room,2,,4,2,,3,2,ConjLeft
2019-06-25 16:53:12,2019-06-25 17:07:29,0,68.109.126.197,100,857,1,2019-06-25 17:07:30,R_3JepequVOmH4TrG,,,,,41.54010009765625,-72.81890106201171875,anonymous,EN,,,Ava,,,1,2,1,1,2,2,0,100,0,19.926,36.927,40.224,4,1,11.64,11.64,12.294,1,0,100,100,25.261,29.084,29.894,3,1,6.514,6.514,11.612,1,,,,,,,,,,,,,,,,,,,,,,,,,,50,,,,,,,,,,,,,,,,,,,,,,,,,,,,,,,,,,,,,,,,,,,,,,,,,,,,,,,,,I was unsure.,1,26,1,1,white,2,1,ConjRight
2019-06-25 17:02:46,2019-06-25 17:07:42,0,96.73.209.147,100,295,1,2019-06-25 17:07:43,R_21yKVUUZxAKHjTY,,,,,33.8231048583984375,-84.32579803466796875,anonymous,EN,,,Ava,,,1,2,2,1,1,2,,,,,,,,,,,,,,,,,,,,,,,,,0,100,100,9.011,28.698,29.266,4,1,7.551,15.354,18.867,2,0,100,0,15.805,22.527,24.73,4,1,1.674,2.731,10.754,2,,74,1,2,1,1,2,2,,,,,,,,,,,,,,,,,,,,,,,,,,,,,,,,,,,,,,,,,,,,,,,,,,,For sure in the 2 doors it would be Billy's fault,1,22,2,1,asian,2,1,ConjRight
2019-06-25 17:04:57,2019-06-25 17:09:22,0,162.216.143.18,100,264,1,2019-06-25 17:09:22,R_31jhYXB4PQchTJd,,,,,9.9333038330078125,78.11669921875,anonymous,EN,,,,,James,1,1,2,2,2,1,,,,,,,,,,,,,,,,,,,,,,,,,,,,,,,,,,,,,,,,,,,,,,,,,,,2,2,1,1,2,2,,,,,,,,,,,,,,,,,,,,,,,,,,,,,,,,,,,,,,,,,,,,,,,,,,,,,,,,,,1,ConjRight
2019-06-25 16:52:55,2019-06-25 17:10:31,0,24.102.157.57,100,1056,1,2019-06-25 17:10:31,R_x5yXBD1zYnA8uCl,,,,,41.0287017822265625,-74.6428985595703125,anonymous,EN,Emma,,,,,1,2,1,1,1,1,,,,,,,,,,,,,,,,,,,,,,,,,72,90,100,1.669,187.365,187.727,13,1,1.489,9.178,11.054,3,10,86,17,2.102,104.406,104.854,10,1,1.198,11.948,12.388,4,79,,1,2,1,1,2,2,,,,,,,,,,,,,,,,,,,,,,,,,,,,,,,,,,,,,,,,,,,,,,,,,,,The two door one has clearer rules so I figured that one would be easier to pick.,1,29,1,1,white,2,1,ConjLeft
2019-06-25 16:53:42,2019-06-25 17:10:43,0,88.201.94.232,100,1020,1,2019-06-25 17:10:43,R_oYSOUqg7j4pZaEx,,,,,26.240997314453125,50.5778961181640625,anonymous,EN,,Benjamin,,,,1,2,1,1,1,2,,,,,,,,,,,,,,,,,,,,,,,,,,,,,,,,,,,,,,,,,,,,,,,,,,,,,,,,,,,,,,,,,,,,,,,,,,,,,,,,,99,0,2,29.829,63.878,64.794,9,2,27.368,65.38,66.376,5,100,2,99,10.197,35.009,36.041,9,2,20.413,43.056,44.262,4,,97,"The motion detector goes off if two persons entered the two-door office, so it went off because of Suzi entered the room along with billy.
Good experiment.thank you.",1,31,1,1,asian,2,2,ConjRight
2019-06-25 17:08:32,2019-06-25 17:17:56,0,71.237.59.12,100,563,1,2019-06-25 17:17:56,R_2qCxNeLUPrWQMv0,,,,,39.8675994873046875,-104.97280120849609375,anonymous,EN,,Benjamin,,,,1,2,1,1,2,2,0,100,0,20.552,34.389,35.837,3,1,14.009,14.12,20.471,2,0,100,100,11.78,19.676,27.294,3,2,9.053,9.199,11.587,2,,,,,,,,,,,,,,,,,,,,,,,,,10,,,,,,,,,,,,,,,,,,,,,,,,,,,,,,,,,,,,,,,,,,,,,,,,,,,,,,,,,,"Ben's choice that Bill caused the detector to go off, since if he had followed instructions, he would not have entered and the detector would not have gone off",1,57,2,1,White,2,1,ConjLeft
2019-06-25 17:07:11,2019-06-25 17:23:35,0,103.58.65.146,100,984,1,2019-06-25 17:23:35,R_tDoOEWRDOAbSEhz,,,,,10.9499969482421875,78.08331298828125,anonymous,EN,,,,Noah,,1,1,1,1,1,1,,,,,,,,,,,,,,,,,,,,,,,,,,,,,,,,,,,,,,,,,,,,,,,,,,,1,1,1,1,2,1,,,,,,,,,,,,,,,,,,,,,,,,,,,,,,,,,,,,,,,,,,,,,,,,,,,,,,,,,,2,ConjRight
2019-06-25 17:00:13,2019-06-25 17:25:36,0,103.58.65.146,100,1523,1,2019-06-25 17:25:37,R_1exuoBM8WgeoSUu,,,,,10.9499969482421875,78.08331298828125,anonymous,EN,,,,,james,1,2,2,2,1,2,,,,,,,,,,,,,,,,,,,,,,,,,,,,,,,,,,,,,,,,,,,,,,,,,,,2,2,1,1,1,2,,,,,,,,,,,,,,,,,,,,,,,,,,,,,,,,,,,,,,,,,,,,,,,,,,,,,,,,,,2,ConjRight
2019-06-25 17:11:29,2019-06-25 17:30:50,0,108.18.21.140,100,1160,1,2019-06-25 17:30:51,R_31GaATHK4R513X7,,,,,38.8533935546875,-76.8892974853515625,anonymous,EN,,Benjamin,,,,1,2,1,1,1,2,,,,,,,,,,,,,,,,,,,,,,,,,,,,,,,,,,,,,,,,,,,,,,,,,,,,,,,,,100,0,100,24.91,75.244,77.878,4,1,29.446,40.396,45.841,2,100,0,0,18.448,34.696,45.85,3,2,13.098,13.098,27.105,1,,,,,,,,,,,,,,,,,,,,,,,,,0,,"If it had been the one-door office, it wouldn't have mattered if one or both people entered the office.",1,58,2,1,African American,2,2,ConjLeft
2019-06-25 17:20:44,2019-06-25 17:31:29,0,23.118.25.216,100,644,1,2019-06-25 17:31:29,R_2QMak5XDXKlQlGY,,,,,30.1387939453125,-97.2920989990234375,anonymous,EN,,,,Noah,,1,2,1,1,2,2,0,100,0,11.005,29.439,30.26,17,1,17.029,19.392,20.435,2,0,100,100,46.095,56.96,57.9,7,2,36.431,46.471,52.301,6,,,,,,,,,,,,,,,,,,,,,,,,,0,,,,,,,,,,,,,,,,,,,,,,,,,,,,,,,,,,,,,,,,,,,,,,,,,,,,,,,,,,"Suzy was more then likely supposed to be there ",1,35,1,1,white,1,1,ConjLeft
2019-06-25 17:25:53,2019-06-25 17:31:51,0,71.13.58.228,100,358,1,2019-06-25 17:31:52,R_UROJz4ZPzVK3iOl,,,,,43.605499267578125,-84.77960205078125,anonymous,EN,Emma,,,,,1,2,1,1,2,2,,,,,,,,,,,,,,,,,,,,,,,,,0,100,100,16.303,25.83,31.587,4,1,26.95,26.95,28.133,1,0,100,0,8.416,15.056,15.875,4,1,15.513,15.513,19.403,1,,23,,,,,,,,,,,,,,,,,,,,,,,,,,,,,,,,,,,,,,,,,,,,,,,,,,,,,,,,,the one door office billy was the extra person that made the alarm go off,1,37,2,1,white,2,1,ConjRight
2019-06-25 17:20:39,2019-06-25 17:34:01,0,98.214.237.154,100,802,1,2019-06-25 17:34:02,R_9tQ7MAKqNQivelH,,,,,39.858306884765625,-88.938201904296875,anonymous,EN,,Benjamin,,,,1,2,1,1,1,2,,,,,,,,,,,,,,,,,,,,,,,,,,,,,,,,,,,,,,,,,,,,,,,,,,,,,,,,,,,,,,,,,,,,,,,,,,,,,,,,,100,0,0,51.317,57.722,61.503,3,2,25.467,25.467,27.039,1,100,0,0,21.047,30.524,33.895,4,2,17.615,17.615,19.539,1,87,,,1,44,2,1,caucasian,2,2,ConjLeft
2019-06-25 17:32:09,2019-06-25 17:36:17,0,73.33.201.139,100,248,1,2019-06-25 17:36:18,R_XoWPnB4MJubsImd,,,,,40.21539306640625,-74.74669647216796875,anonymous,EN,,,,,James,1,2,1,1,2,2,,,,,,,,,,,,,,,,,,,,,,,,,,,,,,,,,,,,,,,,,,,,,,,,,,,1,1,1,1,1,2,,,,,,,,,,,,,,,,,,,,,,,,,,,,,,,,,,,,,,,,,,,,,,,,,,,,,,,,,,2,ConjRight
2019-06-25 17:32:53,2019-06-25 17:37:25,0,24.233.111.249,100,271,1,2019-06-25 17:37:25,R_2dBghuwdxetIfgL,,,,,43.2873992919921875,-71.33300018310546875,anonymous,EN,Emma,,,,,1,2,1,1,2,2,0,100,0,14.206,24.323,25.454,3,1,15.976,15.976,19.868,1,0,100,100,4.923,16.659,21.462,4,1,5.841,7.206,11.455,2,,,,,,,,,,,,,,,,,,,,,,,,,50,,,,,,,,,,,,,,,,,,,,,,,,,,,,,,,,,,,,,,,,,,,,,,,,,,,,,,,,,,equally likely,1,42,2,1,white,2,1,ConjLeft
2019-06-25 17:32:49,2019-06-25 17:37:54,0,68.224.107.227,100,305,1,2019-06-25 17:37:55,R_2ebeIQndgBZir0T,,,,,36.12359619140625,-115.27570343017578125,anonymous,EN,Emma,,,,,1,2,1,1,2,2,,,,,,,,,,,,,,,,,,,,,,,,,0,100,100,16.668,23.803,24.453,3,2,23.233,23.233,30.085,1,0,100,0,10.481,20.022,21.9,3,1,4.605,4.605,11.2,1,,100,,,,,,,,,,,,,,,,,,,,,,,,,,,,,,,,,,,,,,,,,,,,,,,,,,,,,,,,,My own choices,1,26,2,1,Black,2,1,ConjRight
2019-06-25 17:30:13,2019-06-25 17:38:15,0,216.106.158.252,100,482,1,2019-06-25 17:38:15,R_1QosYeXaafFoalt,,,,,35.2841949462890625,-93.131500244140625,anonymous,EN,,Benjamin,,,,1,2,1,1,2,2,,,,,,,,,,,,,,,,,,,,,,,,,0,100,100,4.446,20.75,27.315,6,2,19.648,19.648,21.585,1,0,100,0,9.621,23.853,24.204,5,2,5.205,10.629,15.529,4,0,,,,,,,,,,,,,,,,,,,,,,,,,,,,,,,,,,,,,,,,,,,,,,,,,,,,,,,,,,Chose wrong on last because on the 2 door someone had to come with instructions to not come in to trigger the motion detector. Therefore causing billy to trigger instead of suzy being able to solo trigger.,1,26,1,1,White,2,1,ConjLeft
2019-06-25 17:37:15,2019-06-25 17:44:03,0,103.66.79.137,100,407,1,2019-06-25 17:44:04,R_0USo3WpuxpsXSiB,,,,,13.0843048095703125,80.280487060546875,anonymous,EN,,Benjamin,,,,1,2,2,1,1,2,,,,,,,,,,,,,,,,,,,,,,,,,,,,,,,,,,,,,,,,,,,,,,,,,,,1,1,1,1,2,2,,,,,,,,,,,,,,,,,,,,,,,,,,,,,,,,,,,,,,,,,,,,,,,,,,,,,,,,,,1,ConjLeft
2019-06-25 17:37:59,2019-06-25 17:44:07,0,73.33.201.139,100,367,1,2019-06-25 17:44:07,R_XuJsu72kASBiFvX,,,,,40.21539306640625,-74.74669647216796875,anonymous,EN,,,,Noah,,1,2,1,1,1,2,,,,,,,,,,,,,,,,,,,,,,,,,,,,,,,,,,,,,,,,,,,,,,,,,,,,,,,,,100,0,100,4.185,32.328,35.761,8,1,2.444,17.906,19.853,4,100,0,0,2.932,18.719,19.613,8,2,1.905,8.139,11.233,4,,,,,,,,,,,,,,,,,,,,,,,,,89,,"Since it is a one-door policy, and Suzy isn't supposed to be there, that scene seems more likely.",1,21,2,1,Black,2,2,ConjLeft
2019-06-25 17:32:59,2019-06-25 17:44:47,0,174.230.149.21,100,707,1,2019-06-25 17:44:48,R_3IRDmfQug9s8mKW,,,,,42.64300537109375,-85.293701171875,anonymous,EN,,,,Noah,,1,2,1,1,2,2,,,,,,,,,,,,,,,,,,,,,,,,,0,100,100,23.507,34.494,35.456,3,2,14.648,14.648,16.6,1,0,100,0,13.699,25.271,27.596,4,1,8.956,10.348,11.209,2,0,,,,,,,,,,,,,,,,,,,,,,,,,,,,,,,,,,,,,,,,,,,,,,,,,,,,,,,,,,It just seemed like he would have picked the girl if it had been the one-door room.,1,45,1,1,White,2,1,ConjLeft
2019-06-25 17:44:17,2019-06-25 17:46:32,0,103.66.79.137,100,135,1,2019-06-25 17:46:33,R_wObqjUVxjXd7vXz,,,,,13.0843048095703125,80.280487060546875,anonymous,EN,,Benjamin,,,,1,1,1,1,2,1,,,,,,,,,,,,,,,,,,,,,,,,,,,,,,,,,,,,,,,,,,,,,,,,,,,1,1,1,2,2,1,,,,,,,,,,,,,,,,,,,,,,,,,,,,,,,,,,,,,,,,,,,,,,,,,,,,,,,,,,1,ConjRight
2019-06-25 17:46:41,2019-06-25 17:47:34,0,103.66.79.137,100,53,1,2019-06-25 17:47:35,R_1mJzvM9p5bT7iur,,,,,13.0843048095703125,80.280487060546875,anonymous,EN,,Benjamin,,,,2,2,2,2,1,2,,,,,,,,,,,,,,,,,,,,,,,,,,,,,,,,,,,,,,,,,,,,,,,,,,,1,1,1,1,1,1,,,,,,,,,,,,,,,,,,,,,,,,,,,,,,,,,,,,,,,,,,,,,,,,,,,,,,,,,,1,ConjLeft
2019-06-25 17:50:19,2019-06-25 17:51:44,0,103.66.79.137,100,84,1,2019-06-25 17:51:45,R_2bUBzOPGDPCJjba,,,,,13.0843048095703125,80.280487060546875,anonymous,EN,,,,,James,2,1,2,1,2,2,,,,,,,,,,,,,,,,,,,,,,,,,,,,,,,,,,,,,,,,,,,,,,,,,,,1,1,2,2,2,1,,,,,,,,,,,,,,,,,,,,,,,,,,,,,,,,,,,,,,,,,,,,,,,,,,,,,,,,,,2,ConjLeft
2019-06-25 17:36:59,2019-06-25 17:52:51,0,73.2.182.75,100,952,1,2019-06-25 17:52:52,R_3lQFmWHBPU42B6y,,,,,35.16400146484375,-89.78260040283203125,anonymous,EN,,Benjamin,,,,1,2,1,1,1,2,,,,,,,,,,,,,,,,,,,,,,,,,,,,,,,,,,,,,,,,,,,,,,,,,,,,,,,,,,,,,,,,,,,,,,,,,,,,,,,,,100,0,0,14.519,21.777,22.691,3,1,509.335,509.335,510.069,1,100,0,100,51.735,57.07,57.723,3,1,3.675,3.675,70.307,1,,18,because the motion detector would go off if only one of them enetered,1,45,1,1,white,2,2,ConjRight
2019-06-25 17:55:10,2019-06-25 17:56:01,0,122.164.111.163,100,50,1,2019-06-25 17:56:02,R_2wQZfWYWD8Al14t,,,,,9.966705322265625,76.233306884765625,anonymous,EN,yes,,,,,,,,,,,,,,,,,,,,,,,,,,,,,,,,,,,,,,,,,,,,,,,,,,,,,,,,,,,,,,,,,,,,,,,,,,,,,,,,,,,,,,,,,,,,,,,,,,,,,,,,,,,,,,,,,,,,,,,,,,,,,
2019-06-25 17:56:15,2019-06-25 17:57:04,0,122.164.111.163,100,48,1,2019-06-25 17:57:04,R_2Y9en72QbqrjJj6,,,,,9.966705322265625,76.233306884765625,anonymous,EN,,,ava,,,,,,,,,,,,,,,,,,,,,,,,,,,,,,,,,,,,,,,,,,,,,,,,,,,,,,,,,,,,,,,,,,,,,,,,,,,,,,,,,,,,,,,,,,,,,,,,,,,,,,,,,,,,,,,,,,,,,,,,,,,
2019-06-25 17:57:11,2019-06-25 17:57:42,0,122.164.111.163,100,31,1,2019-06-25 17:57:43,R_22FCDFPjwKcBcso,,,,,9.966705322265625,76.233306884765625,anonymous,EN,"t's a beautiful day, isn't it",,,,,,,,,,,,,,,,,,,,,,,,,,,,,,,,,,,,,,,,,,,,,,,,,,,,,,,,,,,,,,,,,,,,,,,,,,,,,,,,,,,,,,,,,,,,,,,,,,,,,,,,,,,,,,,,,,,,,,,,,,,,,
2019-06-25 17:49:49,2019-06-25 17:57:48,0,74.104.169.218,100,479,1,2019-06-25 17:57:48,R_1oFFc60puTBEDpY,,,,,42.3491058349609375,-71.54309844970703125,anonymous,EN,,,,,James,1,2,1,1,1,2,,,,,,,,,,,,,,,,,,,,,,,,,,,,,,,,,,,,,,,,,,,,,,,,,,,,,,,,,100,0,100,15.898,26.787,28.029,3,1,14.67,25.837,32.372,5,100,0,0,11.488,18.496,21.173,4,2,5.644,5.644,12.3,1,,,,,,,,,,,,,,,,,,,,,,,,,,100,"Can't pinpoint either of them being at fault with the one door, the two door room you can say it was her fault since she wasn't supposed to be there.",1,30,1,1,white,2,2,ConjRight
2019-06-25 17:57:48,2019-06-25 17:58:10,0,122.164.111.163,100,21,1,2019-06-25 17:58:10,R_32VFNs9OitdDugZ,,,,,9.966705322265625,76.233306884765625,anonymous,EN,,,,good,,,,,,,,,,,,,,,,,,,,,,,,,,,,,,,,,,,,,,,,,,,,,,,,,,,,,,,,,,,,,,,,,,,,,,,,,,,,,,,,,,,,,,,,,,,,,,,,,,,,,,,,,,,,,,,,,,,,,,,,,,
2019-06-25 17:58:16,2019-06-25 17:58:25,0,122.164.111.163,100,9,1,2019-06-25 17:58:25,R_30oyPXBQvX3NurA,,,,,9.966705322265625,76.233306884765625,anonymous,EN,,,Nothing,,,,,,,,,,,,,,,,,,,,,,,,,,,,,,,,,,,,,,,,,,,,,,,,,,,,,,,,,,,,,,,,,,,,,,,,,,,,,,,,,,,,,,,,,,,,,,,,,,,,,,,,,,,,,,,,,,,,,,,,,,,
2019-06-25 17:52:44,2019-06-25 18:01:01,0,73.51.142.54,100,496,1,2019-06-25 18:01:01,R_RJn34vQUnk37U1b,,,,,41.7467041015625,-87.720703125,anonymous,EN,,,Ava,,,1,2,1,1,2,2,,,,,,,,,,,,,,,,,,,,,,,,,0,100,100,10.992,22.408,35.953,4,1,11.827,19.907,23.274,3,0,100,0,13.057,23.225,24.139,3,1,4.044,7.1,10.958,2,,79,,,,,,,,,,,,,,,,,,,,,,,,,,,,,,,,,,,,,,,,,,,,,,,,,,,,,,,,,If he was sure its billy's fault then its a little more likely its the two door office but it could of been either one,1,28,2,1,white,2,1,ConjRight
2019-06-25 17:53:37,2019-06-25 18:03:19,0,107.4.246.195,100,581,1,2019-06-25 18:03:19,R_1P6Fz5TBZyNlATa,,,,,44.9004974365234375,-93.2884979248046875,anonymous,EN,,,Ava,,,1,2,1,1,1,2,,,,,,,,,,,,,,,,,,,,,,,,,,,,,,,,,,,,,,,,,,,,,,,,,,,,,,,,,,,,,,,,,,,,,,,,,,,,,,,,,100,0,0,21.809,32.938,33.769,4,2,13.328,13.328,15.549,1,100,0,100,11.897,29.457,35.058,3,2,8.822,12.733,13.76,3,24,,Generally the blame is on Suzy for just showing up when she wasn't supposed to. More blame is on her in the two door room cause she sets off the alarm.,1,31,2,2,,2,2,ConjLeft
2019-06-25 17:52:22,2019-06-25 18:03:47,0,198.148.90.58,100,684,1,2019-06-25 18:03:47,R_1Q0jhXfYFdM76UT,,,,,39.7501068115234375,-104.995697021484375,anonymous,EN,,,,,James,1,2,1,1,2,2,,,,,,,,,,,,,,,,,,,,,,,,,100,0,100,22.387,33.395,34.082,3,1,19.684,19.684,39.162,1,100,0,0,18.039,22.663,24.845,3,2,21.015,21.015,23.168,1,23,,,,,,,,,,,,,,,,,,,,,,,,,,,,,,,,,,,,,,,,,,,,,,,,,,,,,,,,,,"The instructions given by the boss played a role in my decision. 
The study was clear and concise.",1,24,2,1,Black,2,1,ConjLeft
2019-06-25 17:57:20,2019-06-25 18:03:49,0,45.50.134.236,100,388,1,2019-06-25 18:03:49,R_3j0E1crJPrul6tO,,,,,34.0281982421875,-117.037200927734375,anonymous,EN,Emma,,,,,1,2,1,1,2,2,,,,,,,,,,,,,,,,,,,,,,,,,0,100,100,13.265,23.919,24.388,4,2,10.152,10.152,12.482,1,0,100,0,9.496,17.405,19.326,4,1,10.83,14.968,16.142,3,0,,,,,,,,,,,,,,,,,,,,,,,,,,,,,,,,,,,,,,,,,,,,,,,,,,,,,,,,,,because the 2 door office only went off because he showed up when he wasn't supposed to,1,23,2,1,white,2,1,ConjLeft
2019-06-25 18:03:26,2019-06-25 18:04:27,0,103.58.67.18,100,61,1,2019-06-25 18:04:28,R_sjtEMs60K43oVJD,,,,,10.9499969482421875,78.08331298828125,anonymous,EN,emma,,,,,,,,,,,,,,,,,,,,,,,,,,,,,,,,,,,,,,,,,,,,,,,,,,,,,,,,,,,,,,,,,,,,,,,,,,,,,,,,,,,,,,,,,,,,,,,,,,,,,,,,,,,,,,,,,,,,,,,,,,,,,
2019-06-25 17:54:29,2019-06-25 18:05:08,0,75.142.42.79,100,638,1,2019-06-25 18:05:08,R_1ie2KcZ6x1bUaxh,,,,,39.5381011962890625,-119.8365020751953125,anonymous,EN,,,,Noah,,1,2,1,1,2,2,,,,,,,,,,,,,,,,,,,,,,,,,0,100,100,15.945,34.863,38.937,5,2,25.579,28.748,31.238,2,0,100,0,23.949,33.407,44.213,3,2,12.032,37.728,38.684,5,,20,,,,,,,,,,,,,,,,,,,,,,,,,,,,,,,,,,,,,,,,,,,,,,,,,,,,,,,,,I basically thought Billy triggered the alarm because he went in first.,1,64,1,1,Caucasian,2,1,ConjRight
2019-06-25 18:04:38,2019-06-25 18:05:14,0,103.58.67.18,100,35,1,2019-06-25 18:05:14,R_2z91bt4vGXCIH6Z,,,,,10.9499969482421875,78.08331298828125,anonymous,EN,bot,,,,,,,,,,,,,,,,,,,,,,,,,,,,,,,,,,,,,,,,,,,,,,,,,,,,,,,,,,,,,,,,,,,,,,,,,,,,,,,,,,,,,,,,,,,,,,,,,,,,,,,,,,,,,,,,,,,,,,,,,,,,,
2019-06-25 17:54:30,2019-06-25 18:05:52,0,66.36.113.70,100,681,1,2019-06-25 18:05:52,R_1n0iZSRFiOyFyBF,,,,,38.8379974365234375,-106.14710235595703125,anonymous,EN,,,,Noah,,1,1,1,2,2,2,0,100,0,17.928,28.583,29.544,5,1,11.322,11.322,15.658,1,0,100,100,13.107,22.698,24.391,3,2,16.127,16.127,18.684,1,,,,,,,,,,,,,,,,,,,,,,,,,0,,1,2,1,1,2,2,,,,,,,,,,,,,,,,,,,,,,,,,,,,,,,,,,,,,,,,,,,,,,,,,,,"In the two-door scenario, only Suzy was supposed to be there, so BIlly was responsible for setting off the motion detector because he was the secondary person.  In the one-door scenario Suzy is supposed to be there and the detector will go off if even one person enters the office, so it would be assumed that was Suzy.  Therefore Billy can fly under the radar and sell company secrets to a rogue nation.",1,59,2,1,White,2,1,ConjLeft
2019-06-25 17:49:20,2019-06-25 18:07:02,0,99.57.35.40,100,1062,1,2019-06-25 18:07:03,R_dgJULPfYRC9M1UZ,,,,,42.35400390625,-87.86750030517578125,anonymous,EN,,,,Noah,,1,2,2,1,1,2,,,,,,,,,,,,,,,,,,,,,,,,,,,,,,,,,,,,,,,,,,,,,,,,,,,2,2,1,1,1,2,,,,,,,,,,,,,,,,,,,,,,,,,,,,,,,,,,,,,,,,,,,,,,,,,,,,,,,,,,2,ConjLeft
2019-06-25 17:55:18,2019-06-25 18:08:20,0,75.83.87.218,100,782,1,2019-06-25 18:08:20,R_1n0m6L6kkbxc5LT,,,,,34.1226959228515625,-118.75730133056640625,anonymous,EN,,,,,James,1,1,1,1,2,2,0,100,0,26.91,35.206,40.069,3,1,9.484,9.484,14.709,1,0,100,100,10,16.42,19.181,3,2,15.305,15.305,19.81,1,,,,,,,,,,,,,,,,,,,,,,,,,9,,1,2,1,1,2,2,,,,,,,,,,,,,,,,,,,,,,,,,,,,,,,,,,,,,,,,,,,,,,,,,,,,1,22,2,1,white,2,1,ConjLeft
2019-06-25 17:55:52,2019-06-25 18:10:41,0,192.3.164.190,100,888,1,2019-06-25 18:10:41,R_125rYBaYfijeGS1,,,,,42.8863983154296875,-78.8780975341796875,anonymous,EN,,,,Noah,,1,2,1,1,1,2,,,,,,,,,,,,,,,,,,,,,,,,,,,,,,,,,,,,,,,,,,,,,,,,,,,,,,,,,,,,,,,,,,,,,,,,,,,,,,,,,100,0,0,17.606,24.646,26.176,3,2,9.589,9.589,14.557,1,100,0,100,10.008,17.196,21.008,5,1,10.405,10.405,14.55,1,,52,Factors like the given conditions.,1,28,1,1,Native American,2,2,ConjRight
2019-06-25 18:08:19,2019-06-25 18:12:30,0,122.174.163.236,100,251,1,2019-06-25 18:12:31,R_0VBGJly5uR8bUch,,,,,13.0843048095703125,80.280487060546875,anonymous,EN,,,,,JAMES,2,1,1,2,1,2,,,,,,,,,,,,,,,,,,,,,,,,,,,,,,,,,,,,,,,,,,,,,,,,,,,2,2,1,2,2,1,,,,,,,,,,,,,,,,,,,,,,,,,,,,,,,,,,,,,,,,,,,,,,,,,,,,,,,,,,1,ConjRight
2019-06-25 18:12:52,2019-06-25 18:13:04,0,122.174.163.236,100,11,1,2019-06-25 18:13:05,R_3rUT5IHiqmEc4UX,,,,,13.0843048095703125,80.280487060546875,anonymous,EN,,BENJAMIN,,,,,,,,,,,,,,,,,,,,,,,,,,,,,,,,,,,,,,,,,,,,,,,,,,,,,,,,,,,,,,,,,,,,,,,,,,,,,,,,,,,,,,,,,,,,,,,,,,,,,,,,,,,,,,,,,,,,,,,,,,,,
2019-06-25 18:13:10,2019-06-25 18:14:54,0,122.174.163.236,100,103,1,2019-06-25 18:14:55,R_2QJUO5rFJcxPFpM,,,,,13.0843048095703125,80.280487060546875,anonymous,EN,,,,,James,1,1,2,2,2,1,,,,,,,,,,,,,,,,,,,,,,,,,,,,,,,,,,,,,,,,,,,,,,,,,,,2,2,1,1,1,2,,,,,,,,,,,,,,,,,,,,,,,,,,,,,,,,,,,,,,,,,,,,,,,,,,,,,,,,,,2,ConjLeft
2019-06-25 18:05:17,2019-06-25 18:17:44,0,103.58.67.18,100,746,1,2019-06-25 18:17:44,R_esVWCQ0fQdBSPJL,,,,,10.9499969482421875,78.08331298828125,anonymous,EN,,Benjamin,,,,1,2,1,2,2,2,,,,,,,,,,,,,,,,,,,,,,,,,,,,,,,,,,,,,,,,,,,,,,,,,,,1,2,1,2,1,2,,,,,,,,,,,,,,,,,,,,,,,,,,,,,,,,,,,,,,,,,,,,,,,,,,,,,,,,,,1,ConjRight
2019-06-25 18:15:24,2019-06-25 18:17:58,0,70.189.139.171,100,153,1,2019-06-25 18:17:58,R_3GfuhVEHbTsZ6Bq,,,,,36.2158050537109375,-115.06600189208984375,anonymous,EN,,,,,James,1,2,2,1,2,1,,,,,,,,,,,,,,,,,,,,,,,,,,,,,,,,,,,,,,,,,,,,,,,,,,,1,2,2,1,2,2,,,,,,,,,,,,,,,,,,,,,,,,,,,,,,,,,,,,,,,,,,,,,,,,,,,,,,,,,,1,ConjRight
2019-06-25 18:25:14,2019-06-25 18:28:58,0,199.21.112.30,100,224,1,2019-06-25 18:28:58,R_0POUxZqQDOWFrcR,,,,,41.848297119140625,-87.651702880859375,anonymous,EN,,,,,James,1,1,2,2,1,2,,,,,,,,,,,,,,,,,,,,,,,,,,,,,,,,,,,,,,,,,,,,,,,,,,,1,1,1,2,2,1,,,,,,,,,,,,,,,,,,,,,,,,,,,,,,,,,,,,,,,,,,,,,,,,,,,,,,,,,,2,ConjRight
2019-06-25 17:54:33,2019-06-25 18:32:01,0,49.37.204.139,100,2248,1,2019-06-25 18:32:02,R_RyKDXK6YUJcdthn,,,,,13.0843048095703125,80.280487060546875,anonymous,EN,,,,Noah,,1,2,1,1,1,2,,,,,,,,,,,,,,,,,,,,,,,,,,,,,,,,,,,,,,,,,,,,,,,,,,,,,,,,,2,100,100,65.001,88.077,88.916,7,2,28.289,28.289,36.929,1,100,100,0,24.114,45.329,46.048,10,2,39.924,39.924,41.619,1,,,,,,,,,,,,,,,,,,,,,,,,,,100,Thank you so much for giving me the opportunity to do yours HIT. All things given in the survey were very clear. Thank you for doing this survey on the basis of it.,1,34,2,1,"Asian ",2,2,ConjRight
2019-06-25 18:29:06,2019-06-25 18:33:07,0,122.164.111.163,100,241,1,2019-06-25 18:33:07,R_1FRhpmRvBgjvFIc,,,,,9.966705322265625,76.233306884765625,anonymous,EN,,,,Noah,,1,1,2,1,1,2,,,,,,,,,,,,,,,,,,,,,,,,,,,,,,,,,,,,,,,,,,,,,,,,,,,2,2,1,1,2,1,,,,,,,,,,,,,,,,,,,,,,,,,,,,,,,,,,,,,,,,,,,,,,,,,,,,,,,,,,2,ConjLeft
2019-06-25 18:27:51,2019-06-25 18:33:59,0,24.113.220.176,100,367,1,2019-06-25 18:33:59,R_svCjZqFJ6utoYlb,,,,,47.470703125,-122.6510009765625,anonymous,EN,,,Ava,,,1,2,1,1,2,2,,,,,,,,,,,,,,,,,,,,,,,,,0,100,100,21.51,33.079,34.118,5,1,23.863,23.863,25.885,1,0,100,0,11.972,17.832,19.011,3,1,6.336,6.336,13.399,1,,68,,,,,,,,,,,,,,,,,,,,,,,,,,,,,,,,,,,,,,,,,,,,,,,,,,,,,,,,,Possibly because the other one would have went of any way is just suzy entered but it's hard to say,1,29,1,1,white,2,1,ConjRight
2019-06-25 18:20:11,2019-06-25 18:35:08,0,70.40.75.229,100,896,1,2019-06-25 18:35:08,R_OjQv0jkXzsiXA3f,,,,,33.89129638671875,-78.42980194091796875,anonymous,EN,,,Ava,,,1,2,1,2,1,2,,,,,,,,,,,,,,,,,,,,,,,,,,,,,,,,,,,,,,,,,,,,,,,,,,,1,2,1,1,1,2,,,,,,,,,,,,,,,,,,,,,,,,,100,0,0,23.997,45.508,51.862,5,2,11.125,11.125,13.531,1,100,0,100,13.535,20.84,21.731,4,1,8.716,8.716,11.162,1,,100,"I just assume that if it's a two door office, the second person that's not suppose to come in is triggering the detector.",1,30,2,1,White,2,2,ConjRight
2019-06-25 18:13:18,2019-06-25 18:36:06,0,67.11.234.16,100,1367,1,2019-06-25 18:36:06,R_9F5QwzGBadZ7lBv,,,,,29.461395263671875,-98.74680328369140625,anonymous,EN,,,,Noah,,1,2,1,1,2,1,,,,,,,,,,,,,,,,,,,,,,,,,100,100,100,16.434,23.692,24.841,8,2,8.667,10.684,10.914,3,0,100,0,12.881,16.865,17.979,3,2,6.454,11.028,11.574,3,0,,1,2,1,1,2,2,,,,,,,,,,,,,,,,,,,,,,,,,,,,,,,,,,,,,,,,,,,,,,,,,,,depending on what was said by the boss,1,34,2,1,White,2,1,ConjLeft
2019-06-25 18:33:18,2019-06-25 18:37:49,0,122.164.111.163,100,271,1,2019-06-25 18:37:49,R_2YsmPrYm7WKrUiV,,,,,9.966705322265625,76.233306884765625,anonymous,EN,,Benjamin,,,,1,2,1,2,2,2,,,,,,,,,,,,,,,,,,,,,,,,,,,,,,,,,,,,,,,,,,,,,,,,,,,1,1,2,2,1,1,,,,,,,,,,,,,,,,,,,,,,,,,,,,,,,,,,,,,,,,,,,,,,,,,,,,,,,,,,1,ConjLeft
2019-06-25 18:11:25,2019-06-25 18:37:59,0,74.194.52.71,100,1593,1,2019-06-25 18:38:00,R_1jjsdg8bt1pf5Xx,,,,,33.4510040283203125,-90.65509796142578125,anonymous,EN,Emma,,,,,1,2,1,1,1,2,,,,,,,,,,,,,,,,,,,,,,,,,,,,,,,,,,,,,,,,,,,,,,,,,,,,,,,,,,,,,,,,,,,,,,,,,,,,,,,,,98,0,100,7.168,11.567,14.639,3,2,11.656,13.326,14.517,2,100,0,0,9.024,16.244,17.171,4,1,8.209,8.209,12.574,1,,83,The amount of doors,1,30,2,1,Caucasian,2,2,ConjRight
2019-06-25 18:32:37,2019-06-25 18:38:33,0,173.213.88.54,100,355,1,2019-06-25 18:38:33,R_1rqxZK5esNfCpFI,,,,,36.12139892578125,-115.14099884033203125,anonymous,EN,Emma,,,,,1,2,1,1,1,2,,,,,,,,,,,,,,,,,,,,,,,,,,,,,,,,,,,,,,,,,,,,,,,,,,,2,1,2,1,2,1,,,,,,,,,,,,,,,,,,,,,,,,,,,,,,,,,,,,,,,,,,,,,,,,,,,,,,,,,,1,ConjRight
2019-06-25 18:38:44,2019-06-25 18:39:19,0,173.213.88.54,100,35,1,2019-06-25 18:39:20,R_3rNDJMkMFbc63RD,,,,,36.12139892578125,-115.14099884033203125,anonymous,EN,,,Emma,,,,,,,,,,,,,,,,,,,,,,,,,,,,,,,,,,,,,,,,,,,,,,,,,,,,,,,,,,,,,,,,,,,,,,,,,,,,,,,,,,,,,,,,,,,,,,,,,,,,,,,,,,,,,,,,,,,,,,,,,,,
2019-06-25 18:38:08,2019-06-25 18:40:43,0,122.164.111.163,100,155,1,2019-06-25 18:40:44,R_2Y30NBRJsawmQIL,,,,,9.966705322265625,76.233306884765625,anonymous,EN,,Benjamin,,,,1,1,1,1,2,2,,,,,,,,,,,,,,,,,,,,,,,,,,,,,,,,,,,,,,,,,,,,,,,,,,,1,2,2,1,1,1,,,,,,,,,,,,,,,,,,,,,,,,,,,,,,,,,,,,,,,,,,,,,,,,,,,,,,,,,,2,ConjRight
2019-06-25 18:36:30,2019-06-25 18:40:56,0,12.96.20.18,100,265,1,2019-06-25 18:40:56,R_2v7EvVF3QShUypB,,,,,29.597503662109375,-95.1134033203125,anonymous,EN,Emma,,,,,1,2,1,1,1,2,,,,,,,,,,,,,,,,,,,,,,,,,,,,,,,,,,,,,,,,,,,,,,,,,,,,,,,,,,,,,,,,,,,,,,,,,,,,,,,,,100,0,0,3.561,27.945,30.298,4,2,9.784,9.784,12.101,1,100,0,100,9.485,15.365,17.48,3,1,4.214,4.214,11.693,1,5,,Who was supposed to be entering the room.,1,26,2,1,white,2,2,ConjLeft
2019-06-25 18:39:28,2019-06-25 18:42:29,0,173.213.88.54,100,181,1,2019-06-25 18:42:30,R_1NdBKBu77zSTS01,,,,,36.12139892578125,-115.14099884033203125,anonymous,EN,,,,,James,2,1,2,1,1,2,,,,,,,,,,,,,,,,,,,,,,,,,,,,,,,,,,,,,,,,,,,,,,,,,,,1,2,1,2,2,1,,,,,,,,,,,,,,,,,,,,,,,,,,,,,,,,,,,,,,,,,,,,,,,,,,,,,,,,,,1,ConjLeft
2019-06-25 18:42:33,2019-06-25 18:44:16,0,173.213.88.54,100,102,1,2019-06-25 18:44:16,R_3NW1lv2aiBouSVF,,,,,36.12139892578125,-115.14099884033203125,anonymous,EN,,,,Noah,,1,1,1,1,1,1,,,,,,,,,,,,,,,,,,,,,,,,,,,,,,,,,,,,,,,,,,,,,,,,,,,1,1,2,1,2,1,,,,,,,,,,,,,,,,,,,,,,,,,,,,,,,,,,,,,,,,,,,,,,,,,,,,,,,,,,2,ConjRight
2019-06-25 18:34:26,2019-06-25 18:48:02,0,68.7.221.173,100,816,1,2019-06-25 18:48:02,R_3L4NodBpfsdt056,,,,,32.791595458984375,-116.97100067138671875,anonymous,EN,Emma,,,,,1,2,1,1,2,2,0,100,0,5.395,51.27,52.168,6,1,3.996,3.996,13.859,1,0,100,100,32.565,40.138,40.839,5,2,2.713,2.713,12.621,1,,,,,,,,,,,,,,,,,,,,,,,,,29,,,,,,,,,,,,,,,,,,,,,,,,,,,,,,,,,,,,,,,,,,,,,,,,,,,,,,,,,,Just went based on my understanding of the material and my best guess. Never done an experiment like this it was interesting.,1,32,2,1,White,2,1,ConjLeft
2019-06-25 18:04:00,2019-06-25 18:49:12,0,205.251.148.130,100,2712,1,2019-06-25 18:49:12,R_2v7dYVifWjkHfWB,,,,,30.051605224609375,-95.470703125,anonymous,EN,,,,,James,1,2,1,1,1,2,,,,,,,,,,,,,,,,,,,,,,,,,,,,,,,,,,,,,,,,,,,,,,,,,,,,,,,,,100,2,100,34.474,87.823,88.598,4,2,33.568,37.206,37.653,2,100,0,2,22.205,73.269,74.055,4,2,25.641,25.641,31.879,1,,,,,,,,,,,,,,,,,,,,,,,,,,0,it is only in one door  that motion detector do goes off when two people enters,1,25,2,1,white,2,2,ConjRight
2019-06-25 18:56:17,2019-06-25 19:04:47,0,73.85.205.141,100,509,1,2019-06-25 19:04:47,R_sFOsjTAZZ6OZckx,,,,,26.148101806640625,-80.20880126953125,anonymous,EN,,,,,James,1,2,1,1,2,2,100,100,0,18.417,24.609,26.448,3,1,9.313,9.313,11.036,1,0,100,100,9.261,17.427,18.31,4,2,6.391,6.391,11.328,1,,,,,,,,,,,,,,,,,,,,,,,,,29,,,,,,,,,,,,,,,,,,,,,,,,,,,,,,,,,,,,,,,,,,,,,,,,,,,,,,,,,,"I felt that the two door office was the most likely scenario because when suzy was told to come into the one door office, if billy had not come the motion dectector still goes off",1,32,1,1,white,2,1,ConjLeft
2019-06-25 19:01:33,2019-06-25 19:11:32,0,24.127.53.29,100,598,1,2019-06-25 19:11:33,R_2uID0lD5johK4CZ,,,,,42.2440032958984375,-83.58229827880859375,anonymous,EN,,,,,James,1,2,1,1,2,2,0,100,0,13.728,39.577,40.408,4,1,8.529,8.529,14.289,1,0,100,0,5.532,11.755,13.973,3,1,6.069,6.069,13.651,1,,,,,,,,,,,,,,,,,,,,,,,,,76,,,,,,,,,,,,,,,,,,,,,,,,,,,,,,,,,,,,,,,,,,,,,,,,,,,,,,,,,,Who was supposed to be there.,1,30,2,1,White,2,1,ConjLeft
2019-06-25 19:21:14,2019-06-25 19:23:35,0,122.174.160.164,100,141,1,2019-06-25 19:23:36,R_334pXWaY9ETDqO9,,,,,13.0843048095703125,80.280487060546875,anonymous,EN,Emma,,,,,2,1,2,2,1,2,,,,,,,,,,,,,,,,,,,,,,,,,,,,,,,,,,,,,,,,,,,,,,,,,,,1,2,1,1,2,1,,,,,,,,,,,,,,,,,,,,,,,,,,,,,,,,,,,,,,,,,,,,,,,,,,,,,,,,,,2,ConjLeft
2019-06-25 19:20:00,2019-06-25 19:28:48,0,73.1.41.215,100,528,1,2019-06-25 19:28:48,R_1mRbj5RfZeHTMoP,,,,,26.3105926513671875,-80.1428985595703125,anonymous,EN,,,,,James,1,2,1,1,1,2,,,,,,,,,,,,,,,,,,,,,,,,,,,,,,,,,,,,,,,,,,,,,,,,,,,,,,,,,,,,,,,,,,,,,,,,,,,,,,,,,100,0,0,9.11,21.693,22.495,6,2,7.69,8.257,12.018,2,100,0,100,10.293,13.685,14.262,3,1,9.319,10.415,12.904,3,11,,"Billy was ""supposed"" to walk in. So if it went off and was Sally's ""fault"", it most likely was the first scenario",1,34,1,1,white,2,2,ConjLeft
2019-06-25 19:34:17,2019-06-25 19:36:27,0,72.133.40.10,100,130,1,2019-06-25 19:36:27,R_2fx2zRx5AoqC7Yv,,,,,44.437103271484375,-88.079498291015625,anonymous,EN,Emma,,,,,2,1,1,2,2,2,,,,,,,,,,,,,,,,,,,,,,,,,,,,,,,,,,,,,,,,,,,,,,,,,,,1,2,1,2,1,2,,,,,,,,,,,,,,,,,,,,,,,,,,,,,,,,,,,,,,,,,,,,,,,,,,,,,,,,,,2,ConjRight
2019-06-25 19:30:15,2019-06-25 19:39:01,0,69.201.184.133,100,526,1,2019-06-25 19:39:01,R_2rwviFgfaj8KQKD,,,,,40.694000244140625,-73.9900970458984375,anonymous,EN,Emma,,,,,1,2,1,1,2,2,,,,,,,,,,,,,,,,,,,,,,,,,0,100,100,26.233,40.416,42.641,4,2,6.46,13.49,24.067,5,0,100,0,50.545,56.347,60.386,3,1,6.476,6.476,11.538,1,37,,,,,,,,,,,,,,,,,,,,,,,,,,,,,,,,,,,,,,,,,,,,,,,,,,,,,,,,,,"Billy was responsible meaning his mistake caused it to go off. ",1,30,2,1,Indian,2,1,ConjLeft
2019-06-25 19:40:11,2019-06-25 19:45:36,0,100.38.31.178,100,324,1,2019-06-25 19:45:36,R_2yqks3bSKQdu1g7,,,,,40.632598876953125,-73.71410369873046875,anonymous,EN,,,,,James,1,2,1,1,2,2,,,,,,,,,,,,,,,,,,,,,,,,,0,100,100,16.22,23.272,25.164,3,2,11.362,19.61,21.084,8,0,100,0,8.264,17.292,18.247,4,1,5.214,6.232,12.574,2,0,,,,,,,,,,,,,,,,,,,,,,,,,,,,,,,,,,,,,,,,,,,,,,,,,,,,,,,,,,"The fact that the two door office will not go off unless there are two, and Billy was not supposed to be there.  It was his decision to go that caused the camera to go off.",1,36,2,1,White,2,1,ConjLeft
2019-06-25 20:17:28,2019-06-25 20:17:56,0,157.50.232.77,100,27,1,2019-06-25 20:17:56,R_Ad5dnIGBoVmDfYl,,,,,13.0843048095703125,80.280487060546875,anonymous,EN,,,,yes,,,,,,,,,,,,,,,,,,,,,,,,,,,,,,,,,,,,,,,,,,,,,,,,,,,,,,,,,,,,,,,,,,,,,,,,,,,,,,,,,,,,,,,,,,,,,,,,,,,,,,,,,,,,,,,,,,,,,,,,,,
2019-06-25 20:19:22,2019-06-25 20:21:51,0,157.50.233.147,100,148,1,2019-06-25 20:21:51,R_1Eg0V0BA60go89V,,,,,13.0843048095703125,80.280487060546875,anonymous,EN,,,,noah,,,,,,,,,,,,,,,,,,,,,,,,,,,,,,,,,,,,,,,,,,,,,,,,,,,,,,,,,,,,,,,,,,,,,,,,,,,,,,,,,,,,,,,,,,,,,,,,,,,,,,,,,,,,,,,,,,,,,,,,,,
2019-06-25 20:18:55,2019-06-25 20:22:49,0,122.174.162.219,100,234,1,2019-06-25 20:22:50,R_2DYO2p7hsG8Ht93,,,,,13.0843048095703125,80.280487060546875,anonymous,EN,,,,,YES IT IS.,1,1,1,1,1,1,,,,,,,,,,,,,,,,,,,,,,,,,,,,,,,,,,,,,,,,,,,,,,,,,,,1,1,2,2,1,2,,,,,,,,,,,,,,,,,,,,,,,,,,,,,,,,,,,,,,,,,,,,,,,,,,,,,,,,,,1,ConjLeft
2019-06-25 20:23:04,2019-06-25 20:23:18,0,122.174.162.219,100,14,1,2019-06-25 20:23:19,R_3ikSk5j1Od7GNf6,,,,,13.0843048095703125,80.280487060546875,anonymous,EN,,YES IS IT.,,,,,,,,,,,,,,,,,,,,,,,,,,,,,,,,,,,,,,,,,,,,,,,,,,,,,,,,,,,,,,,,,,,,,,,,,,,,,,,,,,,,,,,,,,,,,,,,,,,,,,,,,,,,,,,,,,,,,,,,,,,,
2019-06-25 20:27:38,2019-06-25 20:28:32,0,122.174.170.116,100,53,1,2019-06-25 20:28:32,R_1I3CHFGecmzhYHT,,,,,13.0843048095703125,80.280487060546875,anonymous,EN,,,,noha,,,,,,,,,,,,,,,,,,,,,,,,,,,,,,,,,,,,,,,,,,,,,,,,,,,,,,,,,,,,,,,,,,,,,,,,,,,,,,,,,,,,,,,,,,,,,,,,,,,,,,,,,,,,,,,,,,,,,,,,,,
2019-06-25 20:29:53,2019-06-25 20:31:15,0,122.174.170.116,100,81,1,2019-06-25 20:31:16,R_12DwspdZaehyN6q,,,,,13.0843048095703125,80.280487060546875,anonymous,EN,,,Ava,,,1,1,2,2,2,1,,,,,,,,,,,,,,,,,,,,,,,,,,,,,,,,,,,,,,,,,,,,,,,,,,,2,1,1,1,1,1,,,,,,,,,,,,,,,,,,,,,,,,,,,,,,,,,,,,,,,,,,,,,,,,,,,,,,,,,,1,ConjRight
2019-06-25 20:28:39,2019-06-25 20:35:48,0,122.174.170.116,100,429,1,2019-06-25 20:35:49,R_3ebqdPKxsPuwOMx,,,,,13.0843048095703125,80.280487060546875,anonymous,EN,,,,,nature,2,1,1,2,2,1,,,,,,,,,,,,,,,,,,,,,,,,,,,,,,,,,,,,,,,,,,,,,,,,,,,2,1,2,1,1,2,,,,,,,,,,,,,,,,,,,,,,,,,,,,,,,,,,,,,,,,,,,,,,,,,,,,,,,,,,2,ConjLeft
2019-06-25 20:35:58,2019-06-25 20:37:31,0,122.174.170.116,100,93,1,2019-06-25 20:37:31,R_XFGufDhXk1ivmDf,,,,,13.0843048095703125,80.280487060546875,anonymous,EN,,Benjamin,,,,2,1,2,1,2,2,,,,,,,,,,,,,,,,,,,,,,,,,,,,,,,,,,,,,,,,,,,,,,,,,,,1,2,1,1,2,1,,,,,,,,,,,,,,,,,,,,,,,,,,,,,,,,,,,,,,,,,,,,,,,,,,,,,,,,,,1,ConjLeft
2019-06-25 20:29:37,2019-06-25 20:39:00,0,47.39.188.126,100,563,1,2019-06-25 20:39:01,R_2VroAcuCbm71v5t,,,,,33.87750244140625,-84.50170135498046875,anonymous,EN,,,Ava,,,1,2,1,1,2,2,0,100,55,15.375,46.177,47.583,6,2,25.49,25.49,28.38,1,0,100,52,11.453,30.878,32.575,3,2,15.941,31.143,33.597,4,,,,,,,,,,,,,,,,,,,,,,,,,51,,,,,,,,,,,,,,,,,,,,,,,,,,,,,,,,,,,,,,,,,,,,,,,,,,,,,,,,,,"If both entered at the same time, it is impossible to determine who set the alarm off, in the one door room.",1,58,1,1,white,2,1,ConjLeft
2019-06-25 20:37:39,2019-06-25 20:39:14,0,122.174.170.116,100,95,1,2019-06-25 20:39:14,R_2uQXD9bmSPg6Pcf,,,,,13.0843048095703125,80.280487060546875,anonymous,EN,,,,Noah,,2,1,1,2,1,2,,,,,,,,,,,,,,,,,,,,,,,,,,,,,,,,,,,,,,,,,,,,,,,,,,,1,2,1,1,1,1,,,,,,,,,,,,,,,,,,,,,,,,,,,,,,,,,,,,,,,,,,,,,,,,,,,,,,,,,,2,ConjLeft
2019-06-25 20:39:04,2019-06-25 20:39:21,0,122.174.239.100,100,17,1,2019-06-25 20:39:22,R_322AEDwFcPdjo7f,,,,,13.0843048095703125,80.280487060546875,anonymous,EN,EMMA,,,,,,,,,,,,,,,,,,,,,,,,,,,,,,,,,,,,,,,,,,,,,,,,,,,,,,,,,,,,,,,,,,,,,,,,,,,,,,,,,,,,,,,,,,,,,,,,,,,,,,,,,,,,,,,,,,,,,,,,,,,,,
2019-06-25 20:39:29,2019-06-25 20:43:12,0,122.174.239.100,100,222,1,2019-06-25 20:43:13,R_1M4ed3tWQDaWXNX,,,,,13.0843048095703125,80.280487060546875,anonymous,EN,,,,,EMMA,1,2,1,1,1,2,,,,,,,,,,,,,,,,,,,,,,,,,,,,,,,,,,,,,,,,,,,,,,,,,,,,,,,,,50,39,72,26.372,34.802,35.853,5,1,14.251,14.251,16.368,1,55,71,43,13.365,19.396,21.098,7,2,4.195,5.013,11.219,2,,,,,,,,,,,,,,,,,,,,,,,,,,72,ITS WAS SUCH A AMAZING SURVEY,1,1991,2,2,,3,2,ConjRight
2019-06-25 20:39:58,2019-06-25 21:36:41,0,98.208.50.230,100,3402,1,2019-06-25 21:36:41,R_1EbysrQ1kbQca8U,,,,,38.4062957763671875,-121.4286956787109375,anonymous,EN,,,Ava,,,1,2,1,1,2,2,,,,,,,,,,,,,,,,,,,,,,,,,0,100,0,15.603,24.929,25.532,6,1,12.524,12.524,13.634,1,0,100,0,9.046,14.329,15.21,4,1,7.691,10.809,11.173,3,,99,,,,,,,,,,,,,,,,,,,,,,,,,,,,,,,,,,,,,,,,,,,,,,,,,,,,,,,,,"Billy should not have been there, and because the alarm would only go off if both people entered the room, it was his fault.",1,29,1,1,white,2,1,ConjRight
2019-06-25 20:02:50,2019-06-25 20:09:12,0,98.30.171.17,27,382,0,2019-06-25 21:37:35,R_1CKIs3JBkTAXoBr,,,,,,,anonymous,EN,,Benjamin,,,,1,2,1,1,1,1,,,,,,,,,,,,,,,,,,,,,,,,,,,,,,,,,,,,,,,,,,,,,,,,,,,,,,,,,,,,,,,,,,,,,,,,,,,,,,,,,,,,,,,,,,,,,,,,,,,,,,,,,,,,,,,,,,1,ConjRight
2019-06-25 17:30:25,2019-06-25 17:49:05,0,173.88.114.14,100,1119,0,2019-06-25 21:37:35,R_2sTFGstHKrIhTAt,,,,,,,anonymous,EN,,Benjamin,,,,1,2,1,1,2,2,0,100,0,18.436,25.897,30.195,4,1,8.173,13.466,14.671,2,0,100,100,10.066,18.365,19.143,3,2,7.568,7.568,15.482,1,,,,,,,,,,,,,,,,,,,,,,,,,15,,,,,,,,,,,,,,,,,,,,,,,,,,,,,,,,,,,,,,,,,,,,,,,,,,,,,,,,,,"In the one door example, the motion detector will go off no matter what and Suzy is the one who is supposed to be in the office. In the two door example, the sensor will only go off if Billy shows up when he's not supposed to show up. As a result, I think it's only reasonable to attribute the motion detector to Billy if it's a two door scenario.",1,24,2,1,White,2,1,ConjLeft
2019-06-25 17:00:32,2019-06-25 17:02:21,0,69.147.208.206,51,109,0,2019-06-25 21:37:35,R_3EuNp5UgdddLjFl,,,,,,,anonymous,EN,,,,,James,,,,,,,,,,,,,,,,,,,,,,,,,,,,,,,,,,,,,,,,,,,,,,,,,,,,,,,,,,,,,,,,,,,,,,,,,,,,,,,,,,,,,,,,,,,,,,,,,,,,,,,,,,,,,,,,,,,,,,,,2,ConjRight
2019-06-25 17:52:05,2019-06-25 17:52:43,0,68.111.170.82,3,37,0,2019-06-25 21:37:35,R_1IXG2oT0pDRAE1r,,,,,,,anonymous,EN,,,Ava,,,,,,,,,,,,,,,,,,,,,,,,,,,,,,,,,,,,,,,,,,,,,,,,,,,,,,,,,,,,,,,,,,,,,,,,,,,,,,,,,,,,,,,,,,,,,,,,,,,,,,,,,,,,,,,,,,,,,,,,,,1,ConjRight
2019-06-25 17:11:37,2019-06-25 17:13:43,0,162.216.143.18,73,126,0,2019-06-25 21:37:40,R_31otaP7rpxJIk1J,,,,,,,anonymous,EN,,Benjamin,,,,1,1,2,2,1,2,,,,,,,,,,,,,,,,,,,,,,,,,,,,,,,,,,,,,,,,,,,,,,,,,,,,,,,,,,,,,,,,,,,,,,,,,,,,,,,,,,,,,,,,,,,,,,,,,,,,,,,,,,,,,,,,,,2,ConjLeft
2019-06-25 18:15:01,2019-06-25 18:16:40,0,122.174.163.236,73,99,0,2019-06-25 21:37:41,R_1mJJPlKrdlA72TV,,,,,,,anonymous,EN,,Benjamin,,,,1,1,2,1,2,2,,,,,,,,,,,,,,,,,,,,,,,,,,,,,,,,,,,,,,,,,,,,,,,,,,,,,,,,,,,,,,,,,,,,,,,,,,,,,,,,,,,,,,,,,,,,,,,,,,,,,,,,,,,,,,,,,,2,ConjRight
2019-06-25 17:09:15,2019-06-25 17:09:30,0,76.188.236.153,3,15,0,2019-06-25 21:37:45,R_27BA95vZanQ6Luw,,,,,,,anonymous,EN,,,,,James,,,,,,,,,,,,,,,,,,,,,,,,,,,,,,,,,,,,,,,,,,,,,,,,,,,,,,,,,,,,,,,,,,,,,,,,,,,,,,,,,,,,,,,,,,,,,,,,,,,,,,,,,,,,,,,,,,,,,,,,2,ConjLeft
2019-06-25 16:57:01,2019-06-25 17:02:26,0,73.254.83.211,50,325,0,2019-06-25 21:37:45,R_Q0UUFIWqj9bo62Z,,,,,,,anonymous,EN,,Benjamin,,,,1,2,2,1,2,1,,,,,,,,,,,,,,,,,,,,,,,,,,,,,,,,,,,,,,,,,,,,,,,,,,,2,1,1,1,1,2,,,,,,,,,,,,,,,,,,,,,,,,,,,,,,,,,,,,,,,,,,,,,,,,,,,,,,,,,,1,ConjRight
2019-06-25 17:28:25,2019-06-25 17:32:49,0,24.233.111.249,50,263,0,2019-06-25 21:37:54,R_Xh11syWXYUMyxLb,,,,,,,anonymous,EN,,Benjamin,,,,1,2,1,1,1,2,,,,,,,,,,,,,,,,,,,,,,,,,,,,,,,,,,,,,,,,,,,,,,,,,,,1,2,1,1,1,2,,,,,,,,,,,,,,,,,,,,,,,,,,,,,,,,,,,,,,,,,,,,,,,,,,,,,,,,,,1,ConjRight
2019-06-25 17:29:42,2019-06-25 17:30:20,0,108.210.12.140,3,37,0,2019-06-25 21:37:54,R_3kLkhV9yWn9HSLs,,,,,,,anonymous,EN,,,Ava,,,,,,,,,,,,,,,,,,,,,,,,,,,,,,,,,,,,,,,,,,,,,,,,,,,,,,,,,,,,,,,,,,,,,,,,,,,,,,,,,,,,,,,,,,,,,,,,,,,,,,,,,,,,,,,,,,,,,,,,,,1,ConjLeft
2019-06-25 17:30:09,2019-06-25 17:49:40,0,184.91.134.106,74,1170,0,2019-06-25 21:37:55,R_2qmG9SvmrJ5pb93,,,,,,,anonymous,EN,,,Ava,,,1,2,1,1,1,1,,,,,,,,,,,,,,,,,,,,,,,,,,,,,,,,,,,,,,,,,,,,,,,,,,,,,,,,,,,,,,,,,,,,,,,,,,,,,,,,,,,,,,,,,,,,,,,,,,,,,,,,,,,,,,,,,,2,ConjRight
2019-06-25 17:48:41,2019-06-25 17:49:13,0,66.115.169.226,3,32,0,2019-06-25 21:37:57,R_33DV0OrDpr7uaDf,,,,,,,anonymous,EN,,,Ava,,,,,,,,,,,,,,,,,,,,,,,,,,,,,,,,,,,,,,,,,,,,,,,,,,,,,,,,,,,,,,,,,,,,,,,,,,,,,,,,,,,,,,,,,,,,,,,,,,,,,,,,,,,,,,,,,,,,,,,,,,1,ConjLeft
2019-06-25 18:12:31,2019-06-25 18:20:20,0,75.132.46.188,50,468,0,2019-06-25 21:37:57,R_RWDPqYcd7rDyUKt,,,,,,,anonymous,EN,,,,Noah,,1,2,2,1,1,1,,,,,,,,,,,,,,,,,,,,,,,,,,,,,,,,,,,,,,,,,,,,,,,,,,,1,2,2,1,2,2,,,,,,,,,,,,,,,,,,,,,,,,,,,,,,,,,,,,,,,,,,,,,,,,,,,,,,,,,,1,ConjLeft
