StartDate,EndDate,Status,IPAddress,Progress,Duration (in seconds),Finished,RecordedDate,ResponseId,RecipientLastName,RecipientFirstName,RecipientEmail,ExternalReference,LocationLatitude,LocationLongitude,DistributionChannel,UserLanguage,Q37,Q38,Q39,Q40,Q41,Check1_1,Check1_2,Check1_3,CHeck1_4,BAbnorm_Billy_1,BAbnorm_Suzy_1,BAbnorm_Conjunctive_1,Q52_First Click,Q52_Last Click,Q52_Page Submit,Q52_Click Count,BAbnorm_Selection,Q53_First Click,Q53_Last Click,Q53_Page Submit,Q53_Click Count,SAbnorm_Billy_1,SAbnorm_Suzy_1,SAbnorm_Conjunctive_1,Q50_First Click,Q50_Last Click,Q50_Page Submit,Q50_Click Count,SAbnorm_Selection,Timing_First Click,Timing_Last Click,Timing_Page Submit,Timing_Click Count,Billy_BAbnorm_left_1,Billy_BAbnorm_right_1,Suzy_BAbnorm_left_1,Suzy_BAbnorm_right_1,Intro2_1,Intro2_2,Intro2_3,Intro2_4,Feedback,Age,Age_1_TEXT,Gender,Race,Race_1_TEXT,Ethnicity,LearnCondition,Condition
Start Date,End Date,Response Type,IP Address,Progress,Duration (in seconds),Finished,Recorded Date,Response ID,Recipient Last Name,Recipient First Name,Recipient Email,External Data Reference,Location Latitude,Location Longitude,Distribution Channel,User Language,"Are you a bot?

 

Liam says to Emma: ""It's a beautiful day, isn't it?""
 

Who is Liam talking to? (case sensitive)","Are you a bot?

 

Mia says to Benjamin: ""It's a beautiful day, isn't it?""
 

Who is Mia talking to? (case sensitive)","Are you a bot?

 

William says to Ava: ""It's a beautiful day, isn't it?""
 

Who is William talking to? (case sensitive)","Are you a bot?

 

Amelia says to Noah: ""It's a beautiful day, isn't it?""
 

Who is Amelia talking to? (case sensitive)","Are you a bot?

 

Evelyn says to James: ""It's a beautiful day, isn't it?""
 

Who is Evelyn talking to? (case sensitive)","If two employees enter the office at the same time, the motion detector will go off.","If only one of the balls goes through the motion block and hits ball E, ball E will go through the g",What kind of instruction does the company's boss give to the two employees?,Are the instructions by the boss always the same for the two employees?,"How much do you agree with the following statements?

 

                       ""Billy is allowed to come into the office at 9am the next morning"".","""Suzy is allowed to come into the office at 9am the next morning"".","""If only one of the two employees enters the office, the motion detector will go off.""",Timing - First Click,Timing - Last Click,Timing - Page Submit,Timing - Click Count,Which of the following statements better describes what has happened in this situation?,Timing - First Click,Timing - Last Click,Timing - Page Submit,Timing - Click Count,"How much do you agree with the following statements?

 

                    ""Billy is allowed to come into the office at 9am the next morning"".","""Suzy is allowed to come into the office at 9am the next morning"".","""If only one of the two employees enters the office, the motion detector will go off.""",Timing - First Click,Timing - Last Click,Timing - Page Submit,Timing - Click Count,Which of the following statements better describes what has happened in this situation?,Timing - First Click,Timing - Last Click,Timing - Page Submit,Timing - Click Count,"Given Ben's decision, which of these two scenes did he see?","Given Ben's decision, which of these two scenes did he see?","Given Ben's decision, which of these two scenes did he see?","Given Ben's decision, which of these two scenes did he see?","If two employees enter the office at the same time, the motion detector will go off.","If only one of the balls goes through the motion block and hits ball E, ball E will go through the g",What kind of instruction does the company's boss give to the two employees?,Are the instructions by the boss always the same for the two employees?,"Thank you for answering these questions. 

 

What factors influenced your decision about which of the two scenes was more likely? Do you have any other comments about the experiment?","Please provide the following demographic information to complete the study. 
 

1. My age is: - Selected Choice","Please provide the following demographic information to complete the study. 
 

1. My age is: - My age in years is - Text",2. Gender,3. Race - Selected Choice,3. Race - I am - Text,Ethnicity,LearnCondition,Condition
"{""ImportId"":""startDate"",""timeZone"":""Europe/London""}","{""ImportId"":""endDate"",""timeZone"":""Europe/London""}","{""ImportId"":""status""}","{""ImportId"":""ipAddress""}","{""ImportId"":""progress""}","{""ImportId"":""duration""}","{""ImportId"":""finished""}","{""ImportId"":""recordedDate"",""timeZone"":""Europe/London""}","{""ImportId"":""_recordId""}","{""ImportId"":""recipientLastName""}","{""ImportId"":""recipientFirstName""}","{""ImportId"":""recipientEmail""}","{""ImportId"":""externalDataReference""}","{""ImportId"":""locationLatitude""}","{""ImportId"":""locationLongitude""}","{""ImportId"":""distributionChannel""}","{""ImportId"":""userLanguage""}","{""ImportId"":""QID37_TEXT""}","{""ImportId"":""QID38_TEXT""}","{""ImportId"":""QID39_TEXT""}","{""ImportId"":""QID40_TEXT""}","{""ImportId"":""QID41_TEXT""}","{""ImportId"":""QID17""}","{""ImportId"":""QID18""}","{""ImportId"":""QID19""}","{""ImportId"":""QID20""}","{""ImportId"":""QID22_1""}","{""ImportId"":""QID23_1""}","{""ImportId"":""QID24_1""}","{""ImportId"":""QID59_FIRST_CLICK""}","{""ImportId"":""QID59_LAST_CLICK""}","{""ImportId"":""QID59_PAGE_SUBMIT""}","{""ImportId"":""QID59_CLICK_COUNT""}","{""ImportId"":""QID26""}","{""ImportId"":""QID60_FIRST_CLICK""}","{""ImportId"":""QID60_LAST_CLICK""}","{""ImportId"":""QID60_PAGE_SUBMIT""}","{""ImportId"":""QID60_CLICK_COUNT""}","{""ImportId"":""QID4_1""}","{""ImportId"":""QID5_1""}","{""ImportId"":""QID6_1""}","{""ImportId"":""QID57_FIRST_CLICK""}","{""ImportId"":""QID57_LAST_CLICK""}","{""ImportId"":""QID57_PAGE_SUBMIT""}","{""ImportId"":""QID57_CLICK_COUNT""}","{""ImportId"":""QID8""}","{""ImportId"":""QID58_FIRST_CLICK""}","{""ImportId"":""QID58_LAST_CLICK""}","{""ImportId"":""QID58_PAGE_SUBMIT""}","{""ImportId"":""QID58_CLICK_COUNT""}","{""ImportId"":""QID32_1""}","{""ImportId"":""QID30_1""}","{""ImportId"":""QID28_1""}","{""ImportId"":""QID10_1""}","{""ImportId"":""QID33""}","{""ImportId"":""QID34""}","{""ImportId"":""QID35""}","{""ImportId"":""QID36""}","{""ImportId"":""QID48_TEXT""}","{""ImportId"":""QID49""}","{""ImportId"":""QID49_1_TEXT""}","{""ImportId"":""QID50""}","{""ImportId"":""QID51""}","{""ImportId"":""QID51_1_TEXT""}","{""ImportId"":""QID52""}","{""ImportId"":""LearnCondition""}","{""ImportId"":""Condition""}"
2019-06-19 19:38:11,2019-06-19 19:47:22,0,177.16.142.27,100,551,1,2019-06-19 19:47:22,R_26eSnMOlV2MAoLB,,,,,-25.502593994140625,-49.291595458984375,anonymous,EN,Emma,,,,,1,2,1,2,0,100,0,34.777,50.116,51.153,3,1,34.573,38.173,39.353,3,,,,,,,,,,,,,,,,0,,,,,"I'm not sure, my natural reaction was to choose the option that put the responsibility of the motion detector going off on the person who shouldn't be in the room at the time.",1,24,2,1,White,2,1,4
2019-06-19 19:44:17,2019-06-19 19:47:51,0,12.40.43.242,100,213,1,2019-06-19 19:47:51,R_3s7EQRxNKyurHND,,,,,39.0850067138671875,-94.63559722900390625,anonymous,EN,,,Ava,,,1,2,1,2,,,,,,,,,,,,,100,0,0,9.214,30.085,32.499,8,2,6.732,6.732,11.117,1,0,,,,,,,,"The one person was instructed to not come in, and they did. So it is their fault.",1,32,2,1,white,2,2,1
2019-06-19 20:02:48,2019-06-19 20:13:01,0,73.195.189.73,100,613,1,2019-06-19 20:13:02,R_3OQKd2lOGCgjNyV,,,,,39.951507568359375,-74.152099609375,anonymous,EN,,,,Noah,,2,1,1,2,,,,,,,,,,,,,100,0,0,29.922,49.552,53.368,4,2,24.921,24.921,27.957,1,,,100,,1,2,1,2,"Of course ",1,81,2,1,white,2,2,3
2019-06-19 20:18:34,2019-06-19 20:29:16,0,98.11.19.154,100,641,1,2019-06-19 20:29:16,R_OBV0efQMZlu0cYF,,,,,43.3881072998046875,-70.54779815673828125,anonymous,EN,,,,,James,1,2,1,1,0,100,100,10.684,16.71,17.492,4,1,8.546,9.209,11.328,2,,,,,,,,,,,,,0,,,,1,2,1,2,"no clue, thanks a lot!",1,24,2,1,white,2,1,1
2019-06-19 20:26:45,2019-06-19 20:31:43,0,66.91.211.85,100,298,1,2019-06-19 20:31:43,R_d6ez7PMgqjZzQjv,,,,,21.28900146484375,-157.80279541015625,anonymous,EN,,,,Noah,,1,2,1,2,0,100,0,9.965,14.144,15.155,3,2,4.118,4.118,10.669,1,,,,,,,,,,,,,,,,0,,,,,I just went with my gut instinct. No.,1,38,1,1,white,2,1,4
2019-06-19 20:26:41,2019-06-19 20:33:01,0,67.249.185.46,100,379,1,2019-06-19 20:33:01,R_1JCnvplk6CHXYcp,,,,,43.03070068359375,-74.98760223388671875,anonymous,EN,,,,Noah,,1,2,1,2,,,,,,,,,,,,,100,0,0,112.413,128.828,132.641,6,2,16.268,16.268,19.14,1,,100,,,,,,,Probably the person who was told not to come into office was more responsible for setting the alarm off since they were not supposed to come at all and without them the alarm wouldn't go off.,1,33,2,1,caucasian,2,2,2
2019-06-19 20:35:49,2019-06-19 20:36:59,0,204.148.98.54,100,70,1,2019-06-19 20:36:59,R_VOIt11wqNcA3mWl,,,,,37.8867950439453125,-84.56670379638671875,anonymous,EN,,,,,James,1,1,1,1,,,,,,,,,,,,,,,,,,,,,,,,,,,,,1,2,1,1,,,,,,,,2,4
2019-06-19 20:37:03,2019-06-19 20:38:31,0,204.148.98.54,100,88,1,2019-06-19 20:38:32,R_2R3uEyr2LStnLYt,,,,,37.8867950439453125,-84.56670379638671875,anonymous,EN,Emma,,,,,1,2,1,2,0,100,0,2.538,16.814,17.679,6,1,2.18,5.893,11.636,3,,,,,,,,,,,,,,,0,,,,,,Not sure,1,27,2,1,Caucasian,2,1,3
2019-06-19 20:57:38,2019-06-19 21:02:25,0,68.62.10.172,100,287,1,2019-06-19 21:02:25,R_239ysZDSpGu0YFd,,,,,43.1779022216796875,-83.7248992919921875,anonymous,EN,,,,,James,1,2,1,1,0,100,6,6.784,13.397,13.72,5,1,7.578,10.787,11.207,3,,,,,,,,,,,,,,80,,,1,2,1,2,who was told not to come,1,28,1,1,white,2,1,2
2019-06-19 21:00:56,2019-06-19 21:07:02,0,27.57.28.188,100,365,1,2019-06-19 21:07:02,R_3fCNKNMcdYlSXwX,,,,,13.0843048095703125,80.280487060546875,anonymous,EN,,,,,James,1,1,1,1,,,,,,,,,,,,,,,,,,,,,,,,,,,,,2,1,2,2,,,,,,,,1,1
2019-06-19 20:32:42,2019-06-19 21:09:17,0,122.174.244.243,100,2194,1,2019-06-19 21:09:17,R_1EXRdNDt9h7G9nZ,,,,,13.0843048095703125,80.280487060546875,anonymous,EN,Emma,,,,,1,1,1,1,,,,,,,,,,,,,,,,,,,,,,,,,,,,,1,1,1,2,,,,,,,,2,1
2019-06-19 20:33:01,2019-06-19 21:10:01,0,122.174.244.243,100,2220,1,2019-06-19 21:10:02,R_1IQncWLSOdXOerG,,,,,13.0843048095703125,80.280487060546875,anonymous,EN,,,,noah,,,,,,,,,,,,,,,,,,,,,,,,,,,,,,,,,,,,,,,,,,,,,,
2019-06-19 20:33:01,2019-06-19 21:11:34,0,122.174.244.243,100,2312,1,2019-06-19 21:11:35,R_DHvckMnykB9b5Qt,,,,,13.0843048095703125,80.280487060546875,anonymous,EN,,,,,James,2,1,2,1,,,,,,,,,,,,,,,,,,,,,,,,,,,,,1,1,2,1,,,,,,,,1,1
2019-06-19 21:09:16,2019-06-19 21:41:58,0,122.174.224.20,100,1961,1,2019-06-19 21:41:58,R_1mqGwIL9G7i1EbE,,,,,9.966705322265625,76.233306884765625,anonymous,EN,,yes,,,,,,,,,,,,,,,,,,,,,,,,,,,,,,,,,,,,,,,,,,,,,,,,
2019-06-19 21:41:55,2019-06-19 21:42:26,0,122.174.224.20,100,31,1,2019-06-19 21:42:27,R_1Cbg8yDYLOoVprX,,,,,9.966705322265625,76.233306884765625,anonymous,EN,,,"To the right, Prince William and Kate Middleton are pictured three",,,,,,,,,,,,,,,,,,,,,,,,,,,,,,,,,,,,,,,,,,,,,,,
2019-06-19 19:45:30,2019-06-19 19:47:42,0,47.42.28.59,10,131,0,2019-06-19 22:03:07,R_pEG2XWOuwmdtAvD,,,,,,,anonymous,EN,,,Ava,,,,,,,,,,,,,,,,,,,,,,,,,,,,,,,,,,,,,,,,,,,,,,1,4
2019-06-19 19:51:23,2019-06-19 19:52:03,0,108.81.67.197,6,39,0,2019-06-19 22:03:12,R_2RaBaGGawDcH8L3,,,,,,,anonymous,EN,,,,,James,,,,,,,,,,,,,,,,,,,,,,,,,,,,,,,,,,,,,,,,,,,,1,3
2019-06-19 20:01:57,2019-06-19 20:06:59,0,73.40.97.186,99,302,0,2019-06-19 22:03:17,R_1r94JFi0sA3anp1,,,,,,,anonymous,EN,,,,Noah,,1,2,1,1,0,100,0,24.293,43.547,45.107,4,1,14.752,14.752,18.8,1,,,,,,,,,,,,,,,78,,1,2,1,2,Suzy was supposed to enter while Billy wasn't - therefor the detector went off because he came in.,1,34,1,1,white,2,1,3
2019-06-20 00:37:33,2019-06-20 00:38:08,0,122.164.237.180,100,35,1,2019-06-20 00:38:09,R_2wSRHCjkXnEx4WS,,,,,13.0843048095703125,80.280487060546875,anonymous,EN,,,,NOAH,,,,,,,,,,,,,,,,,,,,,,,,,,,,,,,,,,,,,,,,,,,,,,
2019-06-20 00:35:59,2019-06-20 00:39:33,0,73.214.83.191,100,213,1,2019-06-20 00:39:33,R_1rwd6eMEVmGYfO2,,,,,39.6519927978515625,-79.94439697265625,anonymous,EN,,,,,James,1,2,1,1,,,,,,,,,,,,,100,0,0,7.233,24.464,24.83,6,2,2.302,18.096,19.405,3,,,100,,1,2,1,2,"If Suzy was told not to arrive, then it is her fault the detector was set off. ",1,38,2,1,Asian American,2,2,3
2019-06-20 00:39:08,2019-06-20 00:39:38,0,24.46.122.197,100,29,1,2019-06-20 00:39:38,R_1fZUOUB0T5IKT0Z,,,,,40.63720703125,-73.9037017822265625,anonymous,EN,,Benjamin,,,,2,1,2,2,,,,,,,,,,,,,,,,,,,,,,,,,,,,,2,2,2,1,,,,,,,,2,2
2019-06-20 00:35:53,2019-06-20 00:40:50,0,76.182.201.159,100,297,1,2019-06-20 00:40:50,R_2EuaQaYFGRioRZ6,,,,,29.4102020263671875,-100.8932037353515625,anonymous,EN,,,,Noah,,1,2,1,1,,,,,,,,,,,,,100,0,0,9.167,16.895,19.396,10,2,12.139,26.863,27.134,13,,,,0,1,2,1,2,This was a simple task about motion detecting,1,22,2,1,White,1,2,4
2019-06-20 00:35:49,2019-06-20 00:41:20,0,198.37.248.193,100,330,1,2019-06-20 00:41:20,R_2cC3FmyV9OibK1y,,,,,38.211700439453125,-84.5561981201171875,anonymous,EN,Emma,,,,,1,2,1,2,,,,,,,,,,,,,100,0,0,22.55,31.719,49.259,3,2,23.201,23.201,27.024,1,,,,0,,,,,"The boss's instructions. ",1,35,1,1,black,2,2,4
2019-06-20 00:36:39,2019-06-20 00:41:22,0,47.42.25.218,100,283,1,2019-06-20 00:41:22,R_2Y96O6UyPm2WeIM,,,,,34.5225982666015625,-82.89630126953125,anonymous,EN,,,,,James,1,2,1,2,,,,,,,,,,,,,97,0,0,12.122,17.466,17.726,5,2,30.148,30.148,31.636,1,0,,,,,,,,"well, it made sense that the one told not to come in was responsible for setting off the alarm and that other people would come to the same conclusion",1,25,1,1,white,2,2,1
2019-06-20 00:38:45,2019-06-20 00:41:28,0,174.85.190.82,100,163,1,2019-06-20 00:41:29,R_3nldkRROtG6s6rc,,,,,34.8036041259765625,-86.970703125,anonymous,EN,,Benjamin,,,,1,2,1,2,,,,,,,,,,,,,100,0,100,14.153,21.595,23.846,3,2,6.251,10.947,11.849,2,,,100,,,,,,,1,24,1,1,White,2,2,3
2019-06-20 00:38:35,2019-06-20 00:43:04,0,174.237.56.143,100,268,1,2019-06-20 00:43:04,R_3PY8Deu6gk9M4Of,,,,,37.751007080078125,-97.82199859619140625,anonymous,EN,,Benjamin,,,,1,2,1,2,100,0,0,1.951,24.421,25.874,6,1,1.483,22.052,23.601,3,,,,,,,,,,,,,,,75,,,,,,"I was undecided about whether Brian (?) would think like me that ""blame"" for setting off the motion detector goes to the person who was NOT supposed to come to work.",1,48,2,1,White,2,1,3
2019-06-20 00:36:15,2019-06-20 00:44:20,0,108.204.230.176,100,485,1,2019-06-20 00:44:21,R_3ejZPLvxP5ymwsg,,,,,41.6432037353515625,-83.67530059814453125,anonymous,EN,,,,Noah,,1,2,1,2,0,100,0,24.996,37.402,40.788,3,1,19.514,19.514,26.23,1,,,,,,,,,,,,,0,,,,,,,,"Because he had prior knowledge of who was supposed to enter the office the following day and  gave the logical answer as to why the motion detector went off, ",1,47,1,1,white,2,1,1
2019-06-20 00:39:56,2019-06-20 00:44:46,0,99.34.226.192,100,290,1,2019-06-20 00:44:47,R_1etKvHsFC8qpk0U,,,,,37.6811065673828125,-122.48059844970703125,anonymous,EN,,,Ava,,,1,2,1,2,0,100,0,21.34,41.798,42.638,7,1,18.182,18.607,20.787,2,,,,,,,,,,,,,,,,0,,,,,,1,23,2,1,Asian,1,1,4
2019-06-20 00:39:47,2019-06-20 00:45:34,0,97.94.182.160,100,347,1,2019-06-20 00:45:34,R_bDeTW4zlv5s1fEt,,,,,33.76300048828125,-118.177398681640625,anonymous,EN,Emma,,,,,1,2,1,2,,,,,,,,,,,,,100,0,0,13.574,27.518,28.179,3,2,7.722,8.313,14.713,2,,,,0,,,,,Suzy was told not to come in the morning but showed up anyway.,1,28,2,1,White,2,2,4
2019-06-20 00:43:48,2019-06-20 00:46:14,0,107.145.113.42,100,146,1,2019-06-20 00:46:15,R_3fTYrvtNOhiWuBt,,,,,28.206207275390625,-80.68740081787109375,anonymous,EN,,,Ava,,,1,2,1,2,0,100,0,9.576,21.679,21.93,6,1,7.369,7.369,11.235,1,,,,,,,,,,,,,,,,0,,,,,I assumed that they had the same idea that I had. The person who was not supposed to be there was primarily the reason the detector went off.,2,,4,2,,3,1,4
2019-06-20 00:45:16,2019-06-20 00:46:18,0,49.206.113.4,100,61,1,2019-06-20 00:46:19,R_3fvMWotJYe1d3tE,,,,,13.0843048095703125,80.280487060546875,anonymous,EN,,,,,James,1,1,2,1,,,,,,,,,,,,,,,,,,,,,,,,,,,,,2,1,2,2,,,,,,,,2,2
2019-06-20 00:46:25,2019-06-20 00:47:13,0,49.206.113.4,100,47,1,2019-06-20 00:47:14,R_3s7iTy4XLePzoSH,,,,,13.0843048095703125,80.280487060546875,anonymous,EN,,Benjamin,,,,2,1,1,2,,,,,,,,,,,,,,,,,,,,,,,,,,,,,1,2,1,1,,,,,,,,1,2
2019-06-20 00:41:27,2019-06-20 00:47:56,0,99.83.0.31,100,389,1,2019-06-20 00:47:57,R_2cwkfpzvv0EPQit,,,,,34.86639404296875,-118.3408966064453125,anonymous,EN,,,,,James,1,2,1,2,0,100,0,17.21,28.225,29.19,3,1,14.083,14.083,21.967,1,,,,,,,,,,,,,,,100,,,,,,the person not told to come is responsible for activating the alarm because they disobeyed the instructions to to come.,1,36,2,1,Asian,2,1,3
2019-06-20 00:47:20,2019-06-20 00:49:06,0,49.206.113.4,100,105,1,2019-06-20 00:49:06,R_3rHeCkKgQBR1MXW,,,,,13.0843048095703125,80.280487060546875,anonymous,EN,Emma,,,,,1,2,1,1,,,,,,,,,,,,,,,,,,,,,,,,,,,,,1,2,2,2,,,,,,,,1,3
2019-06-20 00:49:13,2019-06-20 00:49:55,0,49.206.113.4,100,41,1,2019-06-20 00:49:55,R_3lrc4sl4UcJybV5,,,,,13.0843048095703125,80.280487060546875,anonymous,EN,Emma,,,,,1,2,2,2,,,,,,,,,,,,,,,,,,,,,,,,,,,,,1,2,1,1,,,,,,,,2,2
2019-06-20 00:40:54,2019-06-20 00:50:42,0,67.182.181.245,100,588,1,2019-06-20 00:50:42,R_3Mhxcrmzg1qK6mO,,,,,38.6974945068359375,-121.27140045166015625,anonymous,EN,,,,,James,1,2,1,2,,,,,,,,,,,,,100,0,0,15.56,47.608,56.377,4,2,19.642,19.642,30.938,1,,,,0,,,,,The factor that Suzy did something that she was not supposed to so its her fault.,1,34,2,1,White,2,2,4
2019-06-20 00:50:01,2019-06-20 00:53:17,0,49.206.113.4,100,195,1,2019-06-20 00:53:17,R_2OU9sjBe914ryZT,,,,,13.0843048095703125,80.280487060546875,anonymous,EN,Emma,,,,,1,2,1,2,,,,,,,,,,,,,50,76,63,16.7,21.971,23.058,5,2,23.084,23.084,23.91,1,,,85,,,,,,It was highly comprehensive to complete this survey,1,25,1,1,White,2,2,3
2019-06-20 00:52:57,2019-06-20 00:57:41,0,68.230.60.195,100,284,1,2019-06-20 00:57:42,R_25RRAYLUmQp485L,,,,,32.2129974365234375,-110.82790374755859375,anonymous,EN,,,,,James,1,2,1,2,,,,,,,,,,,,,100,0,0,18.374,27.224,29.038,3,2,14.194,14.842,17.206,2,,,,0,,,,,"The factors the influenced my decision was based on what information the boss told the two employes, I thought the experiment was straight forward. I provided my honest thoughts and answers.",1,26,2,1,White,2,2,4
2019-06-20 00:38:15,2019-06-20 00:57:51,0,122.164.237.180,100,1175,1,2019-06-20 00:57:51,R_1ifF5x4Qim1gJDb,,,,,13.0843048095703125,80.280487060546875,anonymous,EN,,,,,James,1,2,1,1,2,100,0,31.839,69.641,71.123,9,2,57.744,98.417,99.507,4,,,,,,,,,,,,,100,,,,1,2,1,2,"boss called her employees to provide instruction. suzy and billy both are work in our security ",1,29,1,2,,1,1,1
2019-06-20 00:57:36,2019-06-20 00:58:03,0,98.224.27.4,100,27,1,2019-06-20 00:58:04,R_2X7B4jnrLhdr23r,,,,,38.57550048828125,-121.4882965087890625,anonymous,EN,,,Ava,,,1,1,1,1,,,,,,,,,,,,,,,,,,,,,,,,,,,,,1,2,1,1,,,,,,,,1,4
2019-06-20 00:54:19,2019-06-20 00:58:45,0,71.112.130.24,100,265,1,2019-06-20 00:58:45,R_2V4TzV22wHu8hSi,,,,,40.329498291015625,-79.61440277099609375,anonymous,EN,,,Ava,,,1,2,1,2,0,100,0,17.244,24.541,25.446,3,1,13.448,13.448,14.843,1,,,,,,,,,,,,,,100,,,,,,,What happened the day before by the boss giving them instructions,1,35,1,1,white,2,1,2
2019-06-20 00:56:54,2019-06-20 01:00:02,0,73.173.103.253,100,188,1,2019-06-20 01:00:03,R_2xGfOTZlczTydSA,,,,,39.21240234375,-76.87760162353515625,anonymous,EN,,,,,James,1,2,1,2,0,100,0,7.459,19.089,20.798,6,1,5.787,5.787,11.086,1,,,,,,,,,,,,,,100,,,,,,,"The person who entered the office when they were not instructed to was to blame, so the scene that instructed this person not to enter the office at the time was much more likely because that's the more logical explanation.",1,25,2,1,White,2,1,2
2019-06-20 01:03:12,2019-06-20 01:04:18,0,73.14.119.73,100,66,1,2019-06-20 01:04:19,R_1LMBshgNSO76kBa,,,,,38.9488067626953125,-104.7677001953125,anonymous,EN,emma,,,,,,,,,,,,,,,,,,,,,,,,,,,,,,,,,,,,,,,,,,,,,,,,,
2019-06-20 01:01:03,2019-06-20 01:04:59,0,172.114.208.110,100,236,1,2019-06-20 01:05:00,R_p4SVlaVule33arn,,,,,33.739898681640625,-117.01509857177734375,anonymous,EN,,,,,James,1,2,1,2,0,100,0,24.103,28.63,30.112,3,1,8.616,8.616,11.028,1,,,,,,,,,,,,,,,,0,,,,,the one told not to be there is the one setting off the motion detector.,1,32,1,1,white,2,1,4
2019-06-20 01:04:42,2019-06-20 01:07:02,0,73.14.119.73,100,139,1,2019-06-20 01:07:03,R_6heDbKufFpUG3iF,,,,,38.9488067626953125,-104.7677001953125,anonymous,EN,,,Ava,,,1,2,1,2,0,100,0,11.867,17.521,19.045,3,1,12.052,12.052,13.069,1,,,,,,,,,,,,,,100,,,,,,,I just used my critical thinking skills.,1,27,1,1,white,2,1,2
2019-06-20 01:01:28,2019-06-20 01:08:30,0,176.199.208.218,100,422,1,2019-06-20 01:08:30,R_31vjgRwG2D00M0p,,,,,50.125701904296875,8.6414031982421875,anonymous,EN,,,Ava,,,1,2,1,1,0,100,0,12.121,38.296,39.994,6,2,15.277,24.087,27.904,7,,,,,,,,,,,,,,0,,,1,2,1,2,I make a guess,1,22,2,1,Asian,2,1,2
2019-06-20 00:52:37,2019-06-20 01:10:06,0,108.30.21.41,100,1049,1,2019-06-20 01:10:07,R_85ImFEZ7rF9T0Pf,,,,,40.8881072998046875,-73.841400146484375,anonymous,EN,Emma,,,,,1,2,1,2,,,,,,,,,,,,,100,0,0,19.05,29.679,34.798,3,2,11.705,11.705,19.958,1,,100,,,,,,,I think the person who is not supposed to come in is responsible for the motion detector going off if both Billy and Suzy come in in the morning.,1,44,1,1,White and Native American,2,2,2
2019-06-20 01:11:37,2019-06-20 01:12:08,0,24.46.122.197,100,30,1,2019-06-20 01:12:08,R_4JzIIBTx7FB3wHv,,,,,40.63720703125,-73.9037017822265625,anonymous,EN,Emma,,,,,2,1,1,1,,,,,,,,,,,,,,,,,,,,,,,,,,,,,1,1,2,2,,,,,,,,1,3
2019-06-20 01:08:22,2019-06-20 01:14:15,0,122.174.197.186,100,353,1,2019-06-20 01:14:15,R_1f3k8wXm4Vm2uw0,,,,,10.80499267578125,78.68560791015625,anonymous,EN,Emma,,,,,1,1,2,1,,,,,,,,,,,,,,,,,,,,,,,,,,,,,1,2,1,1,,,,,,,,2,2
2019-06-20 01:14:20,2019-06-20 01:15:31,0,122.174.197.186,100,70,1,2019-06-20 01:15:31,R_tRnHgi4ePlFNXGx,,,,,10.80499267578125,78.68560791015625,anonymous,EN,Emma,,,,,1,1,1,2,,,,,,,,,,,,,,,,,,,,,,,,,,,,,1,2,1,1,,,,,,,,2,3
2019-06-20 01:14:49,2019-06-20 01:18:01,0,98.220.196.13,100,191,1,2019-06-20 01:18:03,R_3oTQid6xxVnC3Af,,,,,41.6837005615234375,-88.3498992919921875,anonymous,EN,Emma,,,,,1,2,1,2,,,,,,,,,,,,,100,0,0,9.37,17.232,19.512,3,2,4.536,4.536,11.274,1,,,,0,,,,,"The video influenced my decision. ",1,25,2,1,Caucasion,1,2,4
2019-06-20 00:48:35,2019-06-20 01:18:40,0,97.73.85.6,100,1805,1,2019-06-20 01:18:41,R_22KcQ0fiTBZJGlH,,,,,37.751007080078125,-97.82199859619140625,anonymous,EN,Emma,,,,,1,2,1,2,,,,,,,,,,,,,94,8,8,6.625,55.431,57.051,16,2,5.856,46.295,49.493,4,,,100,,,,,,"The fact that clear instructions were given.  There is a clear cause and effect related to Suzy's inability to follow the instructions.  The alarm went off because just one person did not follow instructions. 

No other comments",1,35,1,1,african-american,2,2,3
2019-06-20 01:15:36,2019-06-20 01:19:25,0,122.174.197.186,100,229,1,2019-06-20 01:19:26,R_3FX4vmRwgkSG5BF,,,,,10.80499267578125,78.68560791015625,anonymous,EN,,,Ava,,,1,2,2,2,,,,,,,,,,,,,,,,,,,,,,,,,,,,,1,2,1,1,,,,,,,,2,4
2019-06-20 01:16:19,2019-06-20 01:21:32,0,73.235.218.238,100,313,1,2019-06-20 01:21:32,R_3fjDfqB5gpcwufu,,,,,39.7458038330078125,-121.84439849853515625,anonymous,EN,,,,Noah,,1,2,1,1,0,100,0,18.257,30.275,31.028,8,1,13.884,13.884,17.673,1,,,,,,,,,,,,,0,,,,1,2,1,2,Ben's cursor was on the option where Billy was not supposed to come in. So it's most likely because of Billy that the motion detector went off.,1,37,1,1,white,2,1,1
2019-06-20 01:23:08,2019-06-20 01:23:47,0,122.164.90.248,100,38,1,2019-06-20 01:23:47,R_3PbKohWcooSnp4i,,,,,13.0843048095703125,80.280487060546875,anonymous,EN,SPEAKING,,,,,,,,,,,,,,,,,,,,,,,,,,,,,,,,,,,,,,,,,,,,,,,,,
2019-06-20 01:19:25,2019-06-20 01:24:02,0,67.149.204.158,100,277,1,2019-06-20 01:24:03,R_1lhIDZ5YyeEgMHI,,,,,42.6501007080078125,-84.64859771728515625,anonymous,EN,Emma,,,,,1,2,1,2,,,,,,,,,,,,,100,0,0,16.906,32.653,33.079,6,2,6.482,7.928,14.289,2,,100,,,,,,,"I just used judgement and assumption about what I already know concerning the situation, then made an educated guess. I don't have any other comments.",1,27,1,1,White,2,2,2
2019-06-20 01:23:53,2019-06-20 01:24:38,0,122.164.90.248,100,45,1,2019-06-20 01:24:38,R_pGEwUozsKOXZ2GB,,,,,13.0843048095703125,80.280487060546875,anonymous,EN,,,," ""It's a beautiful day, isn't it?""",,,,,,,,,,,,,,,,,,,,,,,,,,,,,,,,,,,,,,,,,,,,,,
2019-06-20 01:24:43,2019-06-20 01:27:12,0,122.164.90.248,100,149,1,2019-06-20 01:27:12,R_2ZChfstDEVBxptk,,,,,13.0843048095703125,80.280487060546875,anonymous,EN,,Benjamin,,,,1,1,2,1,,,,,,,,,,,,,,,,,,,,,,,,,,,,,2,1,1,1,,,,,,,,2,4
2019-06-20 01:26:18,2019-06-20 01:28:23,0,172.90.144.178,100,124,1,2019-06-20 01:28:23,R_8jghmwanY5u312V,,,,,33.739898681640625,-117.01509857177734375,anonymous,EN,Emma,,,,,1,2,1,1,,,,,,,,,,,,,,,,,,,,,,,,,,,,,1,2,1,1,,,,,,,,1,3
2019-06-20 01:20:16,2019-06-20 01:29:56,0,122.174.235.136,100,579,1,2019-06-20 01:29:56,R_2YXmTC5AFg3iFZu,,,,,13.0843048095703125,80.280487060546875,anonymous,EN,,Benjamin,,,,1,2,1,1,81,79,81,15.932,122.748,125.453,4,1,2.264,13.6,15.095,3,,,,,,,,,,,,,84,,,,1,2,1,2,good,1,26,2,1,asian,1,1,1
2019-06-20 01:21:56,2019-06-20 01:37:53,0,98.214.149.3,100,957,1,2019-06-20 01:37:54,R_11dOtRgHiP8qoeq,,,,,40.768707275390625,-89.6024017333984375,anonymous,EN,,,,,James,1,2,1,2,,,,,,,,,,,,,100,0,0,15.752,36.043,37.637,11,2,16.328,22.413,25.7,2,0,,,,,,,,"The boss' directions determined my choice. ",1,44,1,1,"Caucasian ",2,2,1
2019-06-20 01:36:32,2019-06-20 01:37:54,0,122.164.90.248,100,81,1,2019-06-20 01:37:54,R_bm9EIiC0y3RCPKN,,,,,13.0843048095703125,80.280487060546875,anonymous,EN,Emma,,,,,1,2,2,1,,,,,,,,,,,,,,,,,,,,,,,,,,,,,1,2,2,1,,,,,,,,2,4
2019-06-20 01:37:09,2019-06-20 01:39:33,0,173.23.127.126,100,143,1,2019-06-20 01:39:33,R_3gNm3OxYe2Frnrn,,,,,37.1136016845703125,-93.2895965576171875,anonymous,EN,,,Ava,,,1,2,1,2,0,100,0,7.17,12.645,16.592,3,1,6.695,6.695,11.03,1,,,,,,,,,,,,,,100,,,,,,,"Because billy was not supposed to come in, it was his fault the alarm went off",1,33,2,1,white,2,1,2
2019-06-20 01:29:45,2019-06-20 01:40:34,0,47.208.108.44,100,648,1,2019-06-20 01:40:35,R_31i0Kn3Zyiw5q4u,,,,,40.7592010498046875,-124.1593017578125,anonymous,EN,,,Ava,,,1,2,1,2,,,,,,,,,,,,,100,0,0,27.176,41.8,42.738,8,2,14.194,20.547,24.258,5,,,,29,,,,,"Billy was supposed to be there while Susie was not. If given a third choice, I would say it doesn't matter who was or was not supposed to be there; it only mattered there were two people entering and that is why the motion detector went of. The motion detector does not care about the boss's instructions. ",1,38,1,1,white and black,2,2,4
2019-06-20 01:35:13,2019-06-20 01:42:53,0,162.206.15.180,100,459,1,2019-06-20 01:42:54,R_3fQbJ2ksqISebZa,,,,,31.777496337890625,-106.49030303955078125,anonymous,EN,,,,Noah,,1,2,1,2,0,100,0,19.805,33.794,45.997,3,1,14.491,16.064,24.562,3,,,,,,,,,,,,,0,,,,,,,,"Since the motion detector is set off when two people enter the room, and only one person is supposed to be at work in the morning, the motion detector would be set off by the person who is not supposed to be there.",1,31,2,1,Latino,1,1,1
2019-06-20 01:39:30,2019-06-20 01:43:09,0,47.144.120.214,100,219,1,2019-06-20 01:43:09,R_qyBuNobEi0M3cMF,,,,,34.0121002197265625,-117.68830108642578125,anonymous,EN,,,,,James,1,2,1,1,,,,,,,,,,,,,100,0,0,26.339,31.208,32.268,3,2,11.526,11.526,13.752,1,,100,,,1,2,1,2,"Suzy was not supposed to be there, that is why she set off the alarm",1,31,1,1,white,2,2,2
2019-06-20 01:45:31,2019-06-20 01:46:32,0,103.58.65.239,100,61,1,2019-06-20 01:46:33,R_3gLb7CjCrcLRf7Z,,,,,10.9499969482421875,78.08331298828125,anonymous,EN,,,,noah,,,,,,,,,,,,,,,,,,,,,,,,,,,,,,,,,,,,,,,,,,,,,,
2019-06-20 01:46:42,2019-06-20 01:47:20,0,103.58.65.239,100,38,1,2019-06-20 01:47:22,R_2f2KUFYLNsj0JTA,,,,,10.9499969482421875,78.08331298828125,anonymous,EN,,,ava,,,,,,,,,,,,,,,,,,,,,,,,,,,,,,,,,,,,,,,,,,,,,,,
2019-06-20 01:40:05,2019-06-20 01:49:14,0,67.206.200.134,100,549,1,2019-06-20 01:49:15,R_3FRnv73MzHAxLFL,,,,,18.421905517578125,-66.0597991943359375,anonymous,EN,,,,,James,1,2,1,2,0,100,0,25.468,37.147,41.445,5,1,19.161,19.161,24.717,1,,,,,,,,,,,,,,,,0,,,,,The instructions where associate with one of the scenarios. none,1,32,1,1,Latino/ 2 or more races,1,1,4
2019-06-20 01:19:33,2019-06-20 01:51:09,0,122.174.197.186,100,1895,1,2019-06-20 01:51:09,R_uqcpNKMj8VmaTS1,,,,,10.80499267578125,78.68560791015625,anonymous,EN,,Benjamin,,,,2,2,1,1,,,,,,,,,,,,,,,,,,,,,,,,,,,,,1,1,2,1,,,,,,,,2,3
2019-06-20 01:42:37,2019-06-20 01:51:17,0,73.123.35.54,100,519,1,2019-06-20 01:51:17,R_2R52Q55JqOuXWgz,,,,,42.4510040283203125,-71.686798095703125,anonymous,EN,,,,Noah,,1,2,1,2,,,,,,,,,,,,,100,0,0,11.584,25.292,27.005,6,2,13.558,13.558,16.101,1,0,,,,,,,,If the sensor went off on the day someone was not supposed to come in at 9am than the other person was the one instructed by the boss to come in.,1,49,1,1,white,2,2,1
2019-06-20 01:43:45,2019-06-20 01:54:28,0,122.164.38.240,100,643,1,2019-06-20 01:54:29,R_1Lb1QQvWQqCpKeK,,,,,13.0843048095703125,80.280487060546875,anonymous,EN,Emma,,,,,1,1,1,1,,,,,,,,,,,,,,,,,,,,,,,,,,,,,1,2,2,1,,,,,,,,1,2
2019-06-20 01:56:06,2019-06-20 01:57:46,0,122.164.90.248,100,99,1,2019-06-20 01:57:46,R_2doqDwWJP7tt5AP,,,,,13.0843048095703125,80.280487060546875,anonymous,EN,,,,Noah,,1,2,1,2,,,,,,,,,,,,,74,86,83,1.676,7.029,12.339,9,1,13.236,13.236,16.588,1,,,,90,,,,,good,1,28,2,1,india,2,2,4
2019-06-20 01:51:14,2019-06-20 02:00:41,0,122.174.197.186,100,566,1,2019-06-20 02:00:41,R_3s0MF7pJSvM1ein,,,,,10.80499267578125,78.68560791015625,anonymous,EN,,,,,James,1,2,1,2,0,100,0,14.861,64.314,71.03,11,2,27.158,28.653,66.869,2,,,,,,,,,,,,,,,,100,,,,,It is very good one and interesting experiment. The two scenes influenced the factor of detector.,1,28,2,1,Asian,2,1,4
2019-06-20 01:47:24,2019-06-20 02:00:55,0,103.58.65.239,100,811,1,2019-06-20 02:00:55,R_2zf5CAhkULd4zO1,,,,,10.9499969482421875,78.08331298828125,anonymous,EN,,,,,bot,1,1,1,2,,,,,,,,,,,,,,,,,,,,,,,,,,,,,1,1,1,2,,,,,,,,2,3
2019-06-20 02:01:02,2019-06-20 02:03:01,0,157.50.11.195,100,118,1,2019-06-20 02:03:01,R_1CjZ3sXUICJ91d3,,,,,13.0843048095703125,80.280487060546875,anonymous,EN,,,,Noah,,1,1,1,2,,,,,,,,,,,,,,,,,,,,,,,,,,,,,2,1,2,1,,,,,,,,2,4
2019-06-20 02:01:08,2019-06-20 02:05:02,0,103.58.65.239,100,233,1,2019-06-20 02:05:02,R_p9LyC3u83WSUaWd,,,,,10.9499969482421875,78.08331298828125,anonymous,EN,,bot,,,,,,,,,,,,,,,,,,,,,,,,,,,,,,,,,,,,,,,,,,,,,,,,
2019-06-20 02:05:08,2019-06-20 02:05:16,0,103.58.65.239,100,8,1,2019-06-20 02:05:17,R_3COOGScIKi7j7o1,,,,,10.9499969482421875,78.08331298828125,anonymous,EN,,,bot,,,,,,,,,,,,,,,,,,,,,,,,,,,,,,,,,,,,,,,,,,,,,,,
2019-06-20 02:05:22,2019-06-20 02:11:13,0,103.58.65.239,100,350,1,2019-06-20 02:11:13,R_8nPY4lQcSrdaONr,,,,,10.9499969482421875,78.08331298828125,anonymous,EN,,,,,james,1,1,1,1,,,,,,,,,,,,,,,,,,,,,,,,,,,,,1,1,1,2,,,,,,,,1,1
2019-06-20 02:11:16,2019-06-20 02:13:42,0,103.58.65.239,100,146,1,2019-06-20 02:13:43,R_aXb1paeTbQFtkvD,,,,,10.9499969482421875,78.08331298828125,anonymous,EN,,Benjamin,,,,1,1,2,1,,,,,,,,,,,,,,,,,,,,,,,,,,,,,1,1,1,2,,,,,,,,2,3
2019-06-20 02:03:05,2019-06-20 02:14:41,0,157.50.11.195,100,696,1,2019-06-20 02:14:42,R_1JQKto6b7PJG4Ra,,,,,13.0843048095703125,80.280487060546875,anonymous,EN,,,,Noah,,1,2,2,1,,,,,,,,,,,,,,,,,,,,,,,,,,,,,2,1,2,1,,,,,,,,2,2
2019-06-20 02:13:46,2019-06-20 02:16:17,0,103.58.65.239,100,151,1,2019-06-20 02:16:18,R_2B96OsQcca9ueoh,,,,,10.9499969482421875,78.08331298828125,anonymous,EN,,,,Noah,,1,1,2,1,,,,,,,,,,,,,,,,,,,,,,,,,,,,,1,1,2,1,,,,,,,,2,4
2019-06-20 02:14:52,2019-06-20 02:16:36,0,157.50.11.195,100,104,1,2019-06-20 02:16:37,R_33jYsKP9Ddry63s,,,,,13.0843048095703125,80.280487060546875,anonymous,EN,,beautiful day,,,,,,,,,,,,,,,,,,,,,,,,,,,,,,,,,,,,,,,,,,,,,,,,
2019-06-20 02:16:21,2019-06-20 02:19:12,0,103.58.65.239,100,170,1,2019-06-20 02:19:13,R_1jIg30TdLcQdqqc,,,,,10.9499969482421875,78.08331298828125,anonymous,EN,,,,Noah,,2,1,1,1,,,,,,,,,,,,,,,,,,,,,,,,,,,,,1,2,2,1,,,,,,,,1,2
2019-06-20 02:19:21,2019-06-20 02:20:17,0,103.58.65.239,100,55,1,2019-06-20 02:20:17,R_3COvAWoAzmdltZn,,,,,10.9499969482421875,78.08331298828125,anonymous,EN,,,,,james,1,2,2,1,,,,,,,,,,,,,,,,,,,,,,,,,,,,,2,1,2,1,,,,,,,,2,1
2019-06-20 02:19:19,2019-06-20 02:21:05,0,103.58.65.239,100,105,1,2019-06-20 02:21:06,R_3PSTo46T3ZRGpww,,,,,10.9499969482421875,78.08331298828125,anonymous,EN,,,,Noah,,1,1,2,1,,,,,,,,,,,,,,,,,,,,,,,,,,,,,1,2,2,2,,,,,,,,2,3
2019-06-20 02:19:17,2019-06-20 02:22:59,0,103.58.65.239,100,222,1,2019-06-20 02:23:00,R_22kOTl3WC3rLIsc,,,,,10.9499969482421875,78.08331298828125,anonymous,EN,,,,Noah,,1,1,2,1,,,,,,,,,,,,,,,,,,,,,,,,,,,,,1,1,1,2,,,,,,,,1,4
2019-06-20 02:20:00,2019-06-20 02:24:14,0,68.231.28.144,100,253,1,2019-06-20 02:24:14,R_0qRL5LpPyCHEw0N,,,,,33.1891937255859375,-111.53150177001953125,anonymous,EN,,,,,James,1,2,1,2,0,100,0,15.239,20.078,21.533,3,1,19.421,19.421,21.621,1,,,,,,,,,,,,,,,100,,,,,,I just tried to make an educated guess.,1,38,1,1,white,2,1,3
2019-06-20 02:23:15,2019-06-20 02:24:35,0,103.58.65.239,100,80,1,2019-06-20 02:24:35,R_PMAPt69tUgwuaf7,,,,,10.9499969482421875,78.08331298828125,anonymous,EN,,,,Noah,,1,1,2,1,,,,,,,,,,,,,,,,,,,,,,,,,,,,,1,1,1,1,,,,,,,,1,3
2019-06-20 02:23:13,2019-06-20 02:24:46,8,103.58.65.239,100,93,1,2019-06-20 02:24:47,R_3qfEtlmp2FahUVK,,,,,10.9499969482421875,78.08331298828125,anonymous,EN,,,,noah,,,,,,,,,,,,,,,,,,,,,,,,,,,,,,,,,,,,,,,,,,,,,,
2019-06-20 02:22:10,2019-06-20 02:25:29,0,157.50.11.195,100,198,1,2019-06-20 02:25:29,R_23aE8kk0dDE1f16,,,,,13.0843048095703125,80.280487060546875,anonymous,EN,,,Ava,,,1,1,2,2,,,,,,,,,,,,,,,,,,,,,,,,,,,,,1,1,1,1,,,,,,,,1,3
2019-06-20 02:23:10,2019-06-20 02:26:02,0,103.58.65.239,100,172,1,2019-06-20 02:26:02,R_vB8p6ivq3k4nC01,,,,,10.9499969482421875,78.08331298828125,anonymous,EN,,,,,james,1,1,2,1,,,,,,,,,,,,,,,,,,,,,,,,,,,,,2,1,2,1,,,,,,,,2,4
2019-06-20 02:26:14,2019-06-20 02:26:30,8,103.58.65.239,100,16,1,2019-06-20 02:26:30,R_Uo3SgvlXu76HUqd,,,,,10.9499969482421875,78.08331298828125,anonymous,EN,,,ava,,,,,,,,,,,,,,,,,,,,,,,,,,,,,,,,,,,,,,,,,,,,,,,
2019-06-20 02:25:35,2019-06-20 02:26:38,0,157.50.11.195,100,63,1,2019-06-20 02:26:38,R_3GybuIE0v1cWeCh,,,,,13.0843048095703125,80.280487060546875,anonymous,EN,,,,,James,1,1,2,1,,,,,,,,,,,,,,,,,,,,,,,,,,,,,1,1,2,1,,,,,,,,2,4
2019-06-20 02:26:45,2019-06-20 02:27:28,0,157.50.11.195,100,43,1,2019-06-20 02:27:29,R_3HL6kOi03TjoOyd,,,,,13.0843048095703125,80.280487060546875,anonymous,EN,,,Ava,,,1,1,2,2,,,,,,,,,,,,,,,,,,,,,,,,,,,,,1,2,1,1,,,,,,,,2,3
2019-06-20 02:27:36,2019-06-20 02:28:29,0,157.50.11.195,100,52,1,2019-06-20 02:28:29,R_1mt1ZIx5gFd2waq,,,,,13.0843048095703125,80.280487060546875,anonymous,EN,,,,,James,1,2,2,1,,,,,,,,,,,,,,,,,,,,,,,,,,,,,1,2,2,1,,,,,,,,1,3
2019-06-20 02:29:52,2019-06-20 02:30:19,0,117.221.136.49,100,27,1,2019-06-20 02:30:20,R_29vki2Vq9rL82fK,,,,,11.350006103515625,77.733306884765625,anonymous,EN,emma,,,,,,,,,,,,,,,,,,,,,,,,,,,,,,,,,,,,,,,,,,,,,,,,,
2019-06-20 02:27:01,2019-06-20 02:31:03,0,103.58.65.239,100,241,1,2019-06-20 02:31:03,R_1ff6zpi2XMLjvPE,,,,,10.9499969482421875,78.08331298828125,anonymous,EN,,," Ava",,,1,1,2,1,,,,,,,,,,,,,,,,,,,,,,,,,,,,,1,1,1,2,,,,,,,,1,3
2019-06-20 02:30:26,2019-06-20 02:31:05,0,117.221.136.49,100,38,1,2019-06-20 02:31:05,R_3IRG0heN4oPjIgQ,,,,,11.350006103515625,77.733306884765625,anonymous,EN,,"It's a beautiful day, isn't it",,,,,,,,,,,,,,,,,,,,,,,,,,,,,,,,,,,,,,,,,,,,,,,,
2019-06-20 02:31:12,2019-06-20 02:31:21,0,103.58.65.239,100,9,1,2019-06-20 02:31:21,R_6Y9YlbVeIRhl3Y5,,,,,10.9499969482421875,78.08331298828125,anonymous,EN,emma,,,,,,,,,,,,,,,,,,,,,,,,,,,,,,,,,,,,,,,,,,,,,,,,,
2019-06-20 02:31:16,2019-06-20 02:32:04,0,27.57.19.190,100,48,1,2019-06-20 02:32:05,R_28BpOT2JmenPFLW,,,,,13.0843048095703125,80.280487060546875,anonymous,EN,,,,,"Evelyn ",1,1,1,1,,,,,,,,,,,,,,,,,,,,,,,,,,,,,1,1,1,1,,,,,,,,2,4
2019-06-20 02:32:08,2019-06-20 02:32:22,0,27.57.19.190,100,14,1,2019-06-20 02:32:23,R_2VJV7svZYlsRrwj,,,,,13.0843048095703125,80.280487060546875,anonymous,EN,,,,"It's a beautiful day, isn't it",,,,,,,,,,,,,,,,,,,,,,,,,,,,,,,,,,,,,,,,,,,,,,
2019-06-20 02:32:25,2019-06-20 02:33:33,0,27.57.19.190,100,67,1,2019-06-20 02:33:34,R_2y75NJoBYH9papO,,,,,13.0843048095703125,80.280487060546875,anonymous,EN,,,,Noah,,2,1,2,1,,,,,,,,,,,,,,,,,,,,,,,,,,,,,1,1,2,1,,,,,,,,1,1
2019-06-20 02:28:42,2019-06-20 02:34:16,0,157.50.11.195,100,333,1,2019-06-20 02:34:16,R_1hFJUzZr89EFDnT,,,,,13.0843048095703125,80.280487060546875,anonymous,EN,,,,,James,2,1,1,1,,,,,,,,,,,,,95,7,13,55.327,84.964,86.122,8,1,31.765,55.795,57.517,4,,,74,,1,2,1,2,"Thankyou ",2,,2,2,,3,2,3
2019-06-20 02:31:10,2019-06-20 02:34:18,0,117.221.136.49,100,188,1,2019-06-20 02:34:19,R_1CDBUkXwSjmXmt7,,,,,11.350006103515625,77.733306884765625,anonymous,EN," Emma",,,,,1,2,1,1,,,,,,,,,,,,,,,,,,,,,,,,,,,,,1,2,2,2,,,,,,,,2,4
2019-06-20 02:33:46,2019-06-20 02:35:34,0,27.57.19.190,100,107,1,2019-06-20 02:35:35,R_30jxkiGk7Ye2dkY,,,,,13.0843048095703125,80.280487060546875,anonymous,EN,Emma,,,,,1,1,2,2,,,,,,,,,,,,,,,,,,,,,,,,,,,,,2,2,2,1,,,,,,,,1,2
2019-06-20 02:35:44,2019-06-20 02:36:50,0,27.57.19.190,100,65,1,2019-06-20 02:36:50,R_bOrhDrdU1atYvwR,,,,,13.0843048095703125,80.280487060546875,anonymous,EN,,,,,James,2,1,2,1,,,,,,,,,,,,,,,,,,,,,,,,,,,,,1,2,2,2,,,,,,,,1,2
2019-06-20 02:37:17,2019-06-20 02:38:11,0,27.57.19.190,100,53,1,2019-06-20 02:38:11,R_p9w8OS6TDrwKbbr,,,,,13.0843048095703125,80.280487060546875,anonymous,EN,,,,,James,1,1,1,1,,,,,,,,,,,,,,,,,,,,,,,,,,,,,1,1,1,2,,,,,,,,2,1
2019-06-20 02:38:18,2019-06-20 02:39:14,0,27.57.19.190,100,55,1,2019-06-20 02:39:14,R_2S68rn2YIwLSvzG,,,,,13.0843048095703125,80.280487060546875,anonymous,EN,,Benjamin,,,,2,2,2,2,,,,,,,,,,,,,,,,,,,,,,,,,,,,,2,2,2,1,,,,,,,,2,2
2019-06-20 02:39:19,2019-06-20 02:39:27,0,27.57.19.190,100,8,1,2019-06-20 02:39:27,R_3KN7nZ3qnD13n42,,,,,13.0843048095703125,80.280487060546875,anonymous,EN,,,,NO,,,,,,,,,,,,,,,,,,,,,,,,,,,,,,,,,,,,,,,,,,,,,,
2019-06-20 02:39:30,2019-06-20 02:42:59,0,27.57.19.190,100,208,1,2019-06-20 02:42:59,R_2v31pDJyq70IF7k,,,,,13.0843048095703125,80.280487060546875,anonymous,EN,,,Ava,,,2,2,2,1,,,,,,,,,,,,,,,,,,,,,,,,,,,,,2,2,2,2,,,,,,,,1,1
2019-06-20 02:34:23,2019-06-20 02:43:55,0,117.221.136.49,100,571,1,2019-06-20 02:43:55,R_3En2QGV0DpjmHLP,,,,,11.350006103515625,77.733306884765625,anonymous,EN,Emma,,,,,1,2,2,2,,,,,,,,,,,,,,,,,,,,,,,,,,,,,1,2,1,1,,,,,,,,1,2
2019-06-20 02:43:00,2019-06-20 02:43:56,0,27.57.19.190,100,55,1,2019-06-20 02:43:56,R_W1XI7x2erFhEy9X,,,,,13.0843048095703125,80.280487060546875,anonymous,EN,,Benjamin,,,,1,1,1,1,,,,,,,,,,,,,,,,,,,,,,,,,,,,,2,2,1,1,,,,,,,,1,2
2019-06-20 02:48:42,2019-06-20 02:53:52,0,69.47.35.104,100,309,1,2019-06-20 02:53:52,R_3EnAZTEXdvK8l2N,,,,,41.690399169921875,-87.61569976806640625,anonymous,EN,,Benjamin,,,,1,2,1,2,5,98,1,12.862,20.93,21.768,3,1,13.82,13.82,15.22,1,,,,,,,,,,,,,22,,,,,,,,"Since Billy wasn't suppose to come into the office that morning, but did anyway, he created a situation where he and Suzy entered the office at the same time, which resulted in the motion detector to go off.",1,35,2,1,Black,2,1,1
2019-06-20 03:30:05,2019-06-20 03:31:02,0,157.50.41.104,100,57,1,2019-06-20 03:31:02,R_2cvYxMXEJRARUFo,,,,,13.0843048095703125,80.280487060546875,anonymous,EN,,,William talking to ava,,,,,,,,,,,,,,,,,,,,,,,,,,,,,,,,,,,,,,,,,,,,,,,
2019-06-20 03:49:44,2019-06-20 04:12:01,0,122.174.96.224,100,1336,1,2019-06-20 04:12:01,R_p5VrbBgUHRS2vHb,,,,,13.0843048095703125,80.280487060546875,anonymous,EN,Emma,,,,,1,2,1,2,,,,,,,,,,,,,100,0,0,26.02,40.075,46.803,3,2,29.961,30.592,33.798,2,,,,0,,,,,,1,40,2,2,,3,2,4
2019-06-20 04:23:04,2019-06-20 04:30:50,0,172.242.23.88,100,466,1,2019-06-20 04:30:51,R_0c5rBJm9obIab6N,,,,,39.6266021728515625,-90.466400146484375,anonymous,EN,,Benjamin,,,,1,2,1,2,,,,,,,,,,,,,100,0,0,2.089,57.273,59.375,21,2,10.791,30.455,34.308,4,,,50,,,,,,"It only happens when they BOTH enter so they're both at fault, regardless of the boss' instructions. And, of course a person wants to blame someone else, so he's useless.",1,33,3,1,white,2,2,3
2019-06-20 05:59:33,2019-06-20 06:00:39,1,,100,66,1,2019-06-20 06:00:40,R_T4Md87026sMxEs1,,,,,37.444305419921875,-122.1497039794921875,preview,EN,,,,,James,1,1,1,2,,,,,,,,,,,,,,,,,,,,,,,,,,,,,1,1,1,2,,,,,,,,2,1
2019-06-20 05:36:21,2019-06-20 06:05:26,0,70.95.73.142,100,1744,1,2019-06-20 06:05:26,R_3Jf7dYFkkYqRRXB,,,,,32.9510955810546875,-117.22409820556640625,anonymous,EN,,,,,James,1,2,1,2,,,,,,,,,,,,,100,0,0,5.964,31.817,33.615,4,1,9.722,57.457,64.12,4,,,,20,,,,,"I considered who was supposed to be in the office on a given day, and their entrance alone would not have triggered the light.  Whereas, when the other person who was not scheduled to be in arrives, their presence triggers the motion sensor, so this second person is responsible.",1,40,2,1,White/Caucasian,2,2,4
2019-06-20 00:41:47,2019-06-20 00:45:14,0,49.206.113.4,91,206,0,2019-06-20 16:40:40,R_3qPspEJX1C5BfXC,,,,,,,anonymous,EN,,,Ava,,,2,1,1,1,,,,,,,,,,,,,,,,,,,,,,,,,,,,,1,1,1,2,,,,,,,,1,2
2019-06-20 01:54:31,2019-06-20 02:05:06,0,122.164.38.240,99,634,0,2019-06-20 16:40:41,R_3IYJY2xXB3j95vD,,,,,,,anonymous,EN,,,Ava,,,1,2,1,2,,,,,,,,,,,,,82,93,66,14.834,18.027,19.09,4,1,25.165,25.165,27.254,1,,24,,,,,,,nothing,1,1991,2,1,Asian,2,2,2
2019-06-20 02:43:59,2019-06-20 02:48:43,0,117.221.136.49,99,283,0,2019-06-20 16:40:41,R_xcnerm9Ev9ECsgx,,,,,,,anonymous,EN,,,,,James,1,2,1,2,,,,,,,,,,,,,17,86,96,25.748,37.224,38.031,4,1,37.864,59.248,63.908,5,,79,,,,,,,none,1,24,2,1,indian,1,2,2
2019-06-20 03:31:09,2019-06-20 03:39:42,0,157.50.41.104,91,512,0,2019-06-20 16:40:41,R_1MQWekBBKkg79cd,,,,,,,anonymous,EN,,,,Noah,,1,2,1,1,,,,,,,,,,,,,,,,,,,,,,,,,,,,,1,1,2,2,,,,,,,,1,2
2019-06-20 01:19:23,2019-06-20 01:31:17,0,98.183.187.101,91,713,0,2019-06-20 16:40:43,R_2AGBDPEP8dvU35m,,,,,,,anonymous,EN,,,,,James,1,1,2,1,,,,,,,,,,,,,,,,,,,,,,,,,,,,,1,1,1,2,,,,,,,,1,4
2019-06-20 01:10:22,2019-06-20 01:14:50,0,76.88.234.91,9,267,0,2019-06-20 16:40:43,R_2i6ZLrSh6lKHWeJ,,,,,,,anonymous,EN,,,,Noah,,,,,,,,,,,,,,,,,,,,,,,,,,,,,,,,,,,,,,,,,,,,,1,3
2019-06-20 01:19:01,2019-06-20 01:19:28,0,99.58.42.214,49,27,0,2019-06-20 16:40:43,R_2EzW5Q4cHo4GkHM,,,,,,,anonymous,EN,,,,,james,1,1,2,1,,,,,,,,,,,,,,,,,,,,,,,,,,,,,,,,,,,,,,,,2,4
2019-06-20 01:15:34,2019-06-20 01:20:42,0,47.37.186.142,10,307,0,2019-06-20 16:40:43,R_1LNIzKoSqxILhpI,,,,,,,anonymous,EN,,,,Noah,,,,,,,,,,,,,,,,,,,,,,,,,,,,,,,,,,,,,,,,,,,,,1,2
2019-06-20 01:38:46,2019-06-20 01:44:01,0,172.58.40.210,99,315,0,2019-06-20 16:40:45,R_12hFXoMia2eGARq,,,,,,,anonymous,EN,,,Ava,,,1,2,1,2,0,100,0,15.797,44.784,46.59,17,1,19.343,20.527,21.333,3,,,,,,,,,,,,,0,,,,,,,,The motion detector went off because the one that wasn't supposed to show up. Showed up.,1,28,2,1,White,2,1,1
2019-06-20 00:40:29,2019-06-20 00:44:35,0,99.34.226.192,9,245,0,2019-06-20 16:40:47,R_3ENoUndcp4n3eYB,,,,,,,anonymous,EN,,,,,James,,,,,,,,,,,,,,,,,,,,,,,,,,,,,,,,,,,,,,,,,,,,1,3
2019-06-20 01:20:03,2019-06-20 01:22:53,0,71.38.78.93,99,170,0,2019-06-20 16:40:47,R_33fn1v23LePrvGG,,,,,,,anonymous,EN,,,,Noah,,1,2,1,2,0,100,2,2.754,33.778,34.922,11,1,5.946,9.647,10.514,5,,,,,,,,,,,,,,,89,,,,,,"I only went with what I saw. I did not expect someone might have seen a different video or there may have been alternative directions given. ",1,30,2,1,Asian,2,1,3
2019-06-20 01:05:51,2019-06-20 01:07:23,0,162.204.57.19,91,91,0,2019-06-20 16:40:59,R_ZeCxXMwbVuD9oR3,,,,,,,anonymous,EN,,,,,James,2,1,1,1,,,,,,,,,,,,,,,,,,,,,,,,,,,,,2,1,2,2,,,,,,,,1,4
