StartDate,EndDate,Status,IPAddress,Progress,Duration (in seconds),Finished,RecordedDate,ResponseId,RecipientLastName,RecipientFirstName,RecipientEmail,ExternalReference,LocationLatitude,LocationLongitude,DistributionChannel,UserLanguage,Q39,Q40,Q41,Q42,Q43,DT1_1,DT1_2,DT1_3,DT1_4,DT1_5,DB1_1,DB1_2,DB1_3,DB1_4,DB1_5,Conj_A_DB_1,Conj_B_DB_1,Conj_DB_1,Exp_Conj_DB,Disj_A_DB_1,Disj_B_DB_1,Disj_DB_1,Exp_Disj_DB,Normal_A_Conj_Left_1,Normal_A_Con_Right_1,Conj_A_DT_1,Conj_B_DT_1,Conj_DT_1,Exp_Conj_DT,Disj_A_DT_1,Disj_B_DT_1,Disj_DT_1,Exp_Disj_DT,Normal_B_Conj_Left_1,Normal_B_Con_Right_1,DB2_1,DB2_2,DB2_3,DB2_4,DB2_5,DT2_1,DT2_2,DT2_3,DT2_4,DT2_5,Feedback,Age,Age_1_TEXT,Gender,Race,Race_1_TEXT,Ethnicity,Condition,Structure
Start Date,End Date,Response Type,IP Address,Progress,Duration (in seconds),Finished,Recorded Date,Response ID,Recipient Last Name,Recipient First Name,Recipient Email,External Data Reference,Location Latitude,Location Longitude,Distribution Channel,User Language,"Are you a bot?

 

Liam says to Emma: ""It's a beautiful day, isn't it?""
 

Who is Liam talking to? (case sensitive)","Are you a bot?

 

Mia says to Benjamin: ""It's a beautiful day, isn't it?""
 

Who is Mia talking to? (case sensitive)","Are you a bot?

 

William says to Ava: ""It's a beautiful day, isn't it?""
 

Who is William talking to? (case sensitive)","Are you a bot?

 

Amelia says to Noah: ""It's a beautiful day, isn't it?""
 

Who is Amelia talking to? (case sensitive)","Are you a bot?

 

Evelyn says to James: ""It's a beautiful day, isn't it?""
 

Who is Evelyn talking to? (case sensitive)","Please answer the following questions:

 

 

                         

In this set up, if both balls go through the motion block and hit ball E, ball E will go through the gate.","In this set up, if both balls go through the motion block and hit ball E, ball E will go through the gate.","If only one of the balls goes through the motion block and hits ball E, ball E will go through the g","In this set up, if only one of the balls goes through the motion block and hits ball E, ball E will go through the gate.",Which motion block is more likely to block a ball?,"Please answer the following questions:

 

 

                         

In this setup, if both balls go through the motion block and hit ball E, ball E will go through the gate.","In this setup, if both balls go through the motion block and hit ball E, ball E will go through the gate.","If only one of the balls goes through the motion block and hits ball E, ball E will go through the g","In this setup, if only one of the balls goes through the motion block and hits ball E, ball E will go through the gate.",Which motion block is more likely to block a ball?,"How much do you agree with the following statements?

 

 ""Ball A will hit Ball E"".","""Ball B will hit Ball E"".","""If only one of the two balls goes through the block and hits Ball E then Ball E will go through the gate.""",Which of the following statements better describes what has happened in this situation?,"How much do you agree with the following statements?

 

 ""Ball A will hit Ball E"".","""Ball B will hit Ball E"".","""If only one of the two balls goes through the block and hits Ball E then Ball E will go through the gate.""",Which of the following statements better describes what has happened in this situation?,"Given Ben's decision, which of these two scenes did he see?","Given Ben's decision, which of these two scenes did he see?","How much do you agree with the following statements?



 ""Ball A will hit Ball E"".","""Ball B will hit Ball E"".","""If only one of the two balls goes through the block and hits Ball E then Ball E will go through the gate.""",Which of the following statements better describes what has happened in this situation?,"How much do you agree with the following statements?



 ""Ball A will hit Ball E"".","""Ball B will hit Ball E"".","""If only one of the two balls goes through the block and hits Ball E then Ball E will go through the gate.""",Which of the following statements better describes what has happened in this situation?,"Given Ben's decision, which of these two scenes did he see?","Given Ben's decision, which of these two scenes did he see?","Please answer the following questions:

 




                         

In this set up, if both balls go through the motion block and hit ball E, ball E will go through the gate.","In this set up, if both balls go through the motion block and hit ball E, ball E will go through the gate.","If only one of the balls goes through the motion block and hits ball E, ball E will go through the g","In this set up, if only one of the balls goes through the motion block and hits ball E, ball E will go through the gate.",Which motion block is more likely to block a ball?,"Please answer the following questions:

 

 

                         

In this set up, if both balls go through the motion block and hit ball E, ball E will go through the gate.","In this set up, if both balls go through the motion block and hit ball E, ball E will go through the gate.","If only one of the balls goes through the motion block and hits ball E, ball E will go through the g","In this set up, if only one of the balls goes through the motion block and hits ball E, ball E will go through the gate.",Which motion block is more likely to block a ball?,"Thank you for answering these questions. 

 

What factors influenced your decision about which of the two scenes was more likely? Do you have any other comments about the experiment?","Please provide the following demographic information to complete the study. 
 

1. My age is: - Selected Choice","Please provide the following demographic information to complete the study. 
 

1. My age is: - My age in years is - Text",2. Gender,3. Race - Selected Choice,3. Race - I am - Text,Ethnicity,Condition,Structure
"{""ImportId"":""startDate"",""timeZone"":""Europe/London""}","{""ImportId"":""endDate"",""timeZone"":""Europe/London""}","{""ImportId"":""status""}","{""ImportId"":""ipAddress""}","{""ImportId"":""progress""}","{""ImportId"":""duration""}","{""ImportId"":""finished""}","{""ImportId"":""recordedDate"",""timeZone"":""Europe/London""}","{""ImportId"":""_recordId""}","{""ImportId"":""recipientLastName""}","{""ImportId"":""recipientFirstName""}","{""ImportId"":""recipientEmail""}","{""ImportId"":""externalDataReference""}","{""ImportId"":""locationLatitude""}","{""ImportId"":""locationLongitude""}","{""ImportId"":""distributionChannel""}","{""ImportId"":""userLanguage""}","{""ImportId"":""QID59_TEXT""}","{""ImportId"":""QID60_TEXT""}","{""ImportId"":""QID61_TEXT""}","{""ImportId"":""QID62_TEXT""}","{""ImportId"":""QID63_TEXT""}","{""ImportId"":""QID188""}","{""ImportId"":""QID189""}","{""ImportId"":""QID190""}","{""ImportId"":""QID191""}","{""ImportId"":""QID192""}","{""ImportId"":""QID126""}","{""ImportId"":""QID127""}","{""ImportId"":""QID128""}","{""ImportId"":""QID129""}","{""ImportId"":""QID130""}","{""ImportId"":""QID139_1""}","{""ImportId"":""QID140_1""}","{""ImportId"":""QID141_1""}","{""ImportId"":""QID143""}","{""ImportId"":""QID104_1""}","{""ImportId"":""QID110_1""}","{""ImportId"":""QID106_1""}","{""ImportId"":""QID31""}","{""ImportId"":""QID56_1""}","{""ImportId"":""QID58_1""}","{""ImportId"":""QID173_1""}","{""ImportId"":""QID174_1""}","{""ImportId"":""QID175_1""}","{""ImportId"":""QID177""}","{""ImportId"":""QID179_1""}","{""ImportId"":""QID180_1""}","{""ImportId"":""QID181_1""}","{""ImportId"":""QID183""}","{""ImportId"":""QID185_1""}","{""ImportId"":""QID187_1""}","{""ImportId"":""QID132""}","{""ImportId"":""QID133""}","{""ImportId"":""QID134""}","{""ImportId"":""QID135""}","{""ImportId"":""QID136""}","{""ImportId"":""QID193""}","{""ImportId"":""QID194""}","{""ImportId"":""QID195""}","{""ImportId"":""QID196""}","{""ImportId"":""QID197""}","{""ImportId"":""QID39_TEXT""}","{""ImportId"":""QID41""}","{""ImportId"":""QID41_1_TEXT""}","{""ImportId"":""QID42""}","{""ImportId"":""QID43""}","{""ImportId"":""QID43_1_TEXT""}","{""ImportId"":""QID44""}","{""ImportId"":""Condition""}","{""ImportId"":""Structure""}"
2019-05-31 17:18:56,2019-05-31 17:19:10,0,157.51.86.222,100,14,1,2019-05-31 17:19:11,R_3QVonRO3U5SC0G3,,,,,10.990997314453125,76.966705322265625,anonymous,EN,,,williams,,,,,,,,,,,,,,,,,,,,,,,,,,,,,,,,,,,,,,,,,,,,,,,,,,,
2019-05-31 17:19:16,2019-05-31 17:19:20,0,157.51.86.222,100,4,1,2019-05-31 17:19:20,R_2uPBPZjravxBsT1,,,,,10.990997314453125,76.966705322265625,anonymous,EN,,,ava,,,,,,,,,,,,,,,,,,,,,,,,,,,,,,,,,,,,,,,,,,,,,,,,,,,
2019-05-31 17:19:29,2019-05-31 17:20:14,0,157.51.86.222,100,44,1,2019-05-31 17:20:14,R_2WO1tA49RY9moNa,,,,,10.990997314453125,76.966705322265625,anonymous,EN,,,AVA,,,,,,,,,,,,,,,,,,,,,,,,,,,,,,,,,,,,,,,,,,,,,,,,,,,
2019-05-31 17:20:20,2019-05-31 17:20:32,0,157.51.86.222,100,11,1,2019-05-31 17:20:32,R_2rudjs3ZlSgWDin,,,,,10.990997314453125,76.966705322265625,anonymous,EN,EMMA,,,,,,,,,,,,,,,,,,,,,,,,,,,,,,,,,,,,,,,,,,,,,,,,,,,,,
2019-05-31 17:20:36,2019-05-31 17:20:42,0,157.51.86.222,100,5,1,2019-05-31 17:20:43,R_2Ytx5AGT4XK9pnl,,,,,10.990997314453125,76.966705322265625,anonymous,EN,,MIA,,,,,,,,,,,,,,,,,,,,,,,,,,,,,,,,,,,,,,,,,,,,,,,,,,,,
2019-05-31 17:20:48,2019-05-31 17:22:24,0,157.51.86.222,100,95,1,2019-05-31 17:22:25,R_210bYgfKZY8nvVX,,,,,10.990997314453125,76.966705322265625,anonymous,EN,,,,,JAMES,,,,,,2,1,2,1,2,,,,,,,,,,,,,,,,,,,,,1,2,1,1,1,,,,,,,,,,,,,DB,Conj_Left
2019-05-31 17:22:31,2019-05-31 17:22:40,8,157.51.86.222,100,9,1,2019-05-31 17:22:41,R_2chLkXNsdcWrOHh,,,,,10.990997314453125,76.966705322265625,anonymous,EN,,MIA,,,,,,,,,,,,,,,,,,,,,,,,,,,,,,,,,,,,,,,,,,,,,,,,,,,,
2019-05-31 17:17:59,2019-05-31 17:23:32,0,71.209.130.140,100,333,1,2019-05-31 17:23:32,R_2AWhCoWOYMT3Ahw,,,,,33.3289031982421875,-111.8657989501953125,anonymous,EN,,Benjamin,,,,,,,,,1,1,1,2,2,60,39,0,2,48,48,92,1,82,,,,,,,,,,,,,,,,,,,,,,B for the longer shot,1,36,2,1,Aryan (Nordic),2,DB,Conj_Left
2019-05-31 17:18:00,2019-05-31 17:24:08,0,75.86.24.233,100,368,1,2019-05-31 17:24:08,R_0vmjJwtUoPPHnY5,,,,,43.048797607421875,-87.96250152587890625,anonymous,EN,Emma,,,,,,,,,,2,1,1,2,1,100,100,0,1,50,20,59,1,0,,,,,,,,,,,,1,1,1,2,2,,,,,,I tried to guess what would happen and based my decision on the earlier two ones that I rated.,1,26,2,1,Chinese,2,DB,Conj_Left
2019-05-31 17:18:11,2019-05-31 17:24:31,0,172.92.152.254,100,380,1,2019-05-31 17:24:31,R_1FA7BCOei2eF5XH,,,,,47.6674041748046875,-122.3701019287109375,anonymous,EN,,,,Noah,,,,,,,1,1,1,2,2,80,32,0,2,81,39,100,1,100,,,,,,,,,,,,,,,,,,,,,,"In the first scenario, it would go through only if b went through too but since it depended on a, then it is more likely the second one. ",1,25,1,1,asian,2,DB,Conj_Left
2019-05-31 17:18:21,2019-05-31 17:24:42,0,165.84.231.100,100,381,1,2019-05-31 17:24:42,R_20Um6SSgWdi8Qdl,,,,,51.5164031982421875,-0.0930023193359375,anonymous,EN,,,"WILLIAM SAYS TO ITS A BEAUTIFUL DAY,IS,IT? TO AVA",,,,,,,,,,,,,,,,,,,,,,,,,,,,,,,,,,,,,,,,,,,,,,,,,,,
2019-05-31 17:22:46,2019-05-31 17:25:04,0,157.51.86.222,100,137,1,2019-05-31 17:25:04,R_2AMexWV1CgO3IZI,,,,,10.990997314453125,76.966705322265625,anonymous,EN,,,,,JAMES,,,,,,1,1,2,1,1,,,,,,,,,,,,,,,,,,,,,1,2,1,1,2,,,,,,,,,,,,,DB,Conj_Right
2019-05-31 17:17:56,2019-05-31 17:25:07,0,106.51.105.15,100,431,1,2019-05-31 17:25:08,R_3fNrI50QstG2T5A,,,,,12.983306884765625,77.58331298828125,anonymous,EN,Emma,,,,,,,,,,1,1,1,2,2,95,76,9,2,73,58,93,1,79,,,,,,,,,,,,,,,,,,,,,,Based on my intuition.,1,33,1,1,Indian,2,DB,Conj_Left
2019-05-31 17:24:49,2019-05-31 17:25:08,0,165.84.231.100,100,18,1,2019-05-31 17:25:08,R_3IReowHa2up8Z4X,,,,,51.5164031982421875,-0.0930023193359375,anonymous,EN,,,,ITS A BEAUTIFUL DAY,,,,,,,,,,,,,,,,,,,,,,,,,,,,,,,,,,,,,,,,,,,,,,,,,,
2019-05-31 17:20:08,2019-05-31 17:25:13,0,73.186.19.26,100,305,1,2019-05-31 17:25:14,R_2aWUO3EWDsybI5v,,,,,41.555694580078125,-72.66320037841796875,anonymous,EN,,,Ava,,,1,2,1,2,2,,,,,,,,,,,,,,,,20,92,5,1,10,97,100,1,96,,,,,,,1,1,1,2,2,"I felt that for him to find Ball B to be the more important ball it had to be the situation where E was closer to the hole because then regardless of whether A got through the block which is firmer, B would likely go through, high chance at least, and would thus be more imperative than A",1,33,1,1,white,2,DT,Conj_Left
2019-05-31 17:24:19,2019-05-31 17:26:06,0,172.245.186.191,100,107,1,2019-05-31 17:26:07,R_3rMpOP10MSriEfF,,,,,42.8863983154296875,-78.8780975341796875,anonymous,EN,,,Ava,,,1,1,2,1,1,,,,,,,,,,,,,,,,,,,,,,,,,,,,,,,1,1,1,1,1,,,,,,,,DT,Conj_Left
2019-05-31 17:27:36,2019-05-31 17:27:58,0,47.12.75.60,100,21,1,2019-05-31 17:27:58,R_2xAcz5MRqXdEDLW,,,,,42.8271942138671875,-88.74289703369140625,anonymous,EN,,,ava,,,,,,,,,,,,,,,,,,,,,,,,,,,,,,,,,,,,,,,,,,,,,,,,,,,
2019-05-31 17:18:00,2019-05-31 17:29:14,0,49.207.56.175,100,673,1,2019-05-31 17:29:14,R_3NUFNC1sfRMbOxk,,,,,12.983306884765625,77.58331298828125,anonymous,EN,Emma,,,,,,,,,,1,1,1,2,2,100,50,0,2,100,17,0,1,100,,,,,,,,,,,,,,,,,,,,,,"I think the closer the positioning of ball E is to the hole, the only thing that needs to happen is to one of the balls to go through, and as the rules say, Pink block has more chances of being penetrated, I chose the answer based on this rule only.",1,23,2,1,Asian,2,DB,Conj_Left
2019-05-31 17:25:12,2019-05-31 17:29:43,0,165.84.231.100,100,271,1,2019-05-31 17:29:43,R_3HpHuTrkshd88dS,,,,,51.5164031982421875,-0.0930023193359375,anonymous,EN,,,,,JAMES,,,,,,1,1,2,1,2,,,,,,,,,,,,,,,,,,,,,1,1,1,2,1,,,,,,,,,,,,,DB,Conj_Right
2019-05-31 17:24:28,2019-05-31 17:30:05,0,170.10.69.4,100,336,1,2019-05-31 17:30:05,R_TvlaLQLz497ggV3,,,,,38.467803955078125,-107.8751983642578125,anonymous,EN,,Benjamin,,,,1,1,1,2,2,,,,,,,,,,,,,,,,31,80,57,1,8,91,48,1,,66,,,,,,,,,,,Thanks,1,27,2,1,white,2,DT,Conj_Right
2019-05-31 17:23:32,2019-05-31 17:31:04,0,180.149.210.222,100,451,1,2019-05-31 17:31:04,R_0AIXBP2qb1e1RFD,,,,,24.904296875,67.081695556640625,anonymous,EN,Emma,,,,,1,2,1,2,2,,,,,,,,,,,,,,,,,,,,,,,,,,,,,,,1,2,1,2,2,,,,,,,,DT,Conj_Right
2019-05-31 17:23:08,2019-05-31 17:33:52,0,185.20.99.148,100,644,1,2019-05-31 17:33:53,R_sbQXbAXVZkSqhhL,,,,,51.49639892578125,-0.122406005859375,anonymous,EN,,,,,James,1,1,1,2,2,,,,,,,,,,,,,,,,49,98,0,1,51,100,100,2,,0,,,,,,,,,,,impeccable understanding of the initial tutorial.,1,25,2,1,White,2,DT,Conj_Right
2019-05-31 17:32:51,2019-05-31 17:34:38,0,65.249.163.198,100,106,1,2019-05-31 17:34:38,R_5p43eRo71fft1yV,,,,,37.751007080078125,-97.82199859619140625,anonymous,EN,,,Ava,,,,,,,,1,1,2,2,1,,,,,,,,,,,,,,,,,,,,,1,1,1,2,1,,,,,,,,,,,,,DB,Conj_Right
2019-05-31 17:24:26,2019-05-31 17:34:39,0,49.206.113.42,100,612,1,2019-05-31 17:34:39,R_1pnacptOOijbfK9,,,,,13.0843048095703125,80.280487060546875,anonymous,EN,,,Ava,,,1,1,1,2,2,,,,,,,,,,,,,,,,69,71,10,1,74,75,11,2,,22,,,,,,,,,,,THE MOTION OF THE BALLS AND THE INFORMATION PROVIDED ABOUT THE BILLIARD MACHINE HAS INFLUENCED  MY DECISION,1,25,2,1,ASIAN,2,DT,Conj_Right
2019-05-31 17:29:23,2019-05-31 17:35:12,0,75.164.28.90,100,349,1,2019-05-31 17:35:12,R_2zHcVvIKCmdMVRi,,,,,45.43829345703125,-122.6147003173828125,anonymous,EN,,Benjamin,,,,,,,,,1,1,1,2,2,79,52,0,2,79,51,100,1,,0,,,,,,,,,,,,,,,,,,,,,"When the ball was further back from the gate, going through the gate was dependent on B also making it through the block.",1,32,1,1,white,2,DB,Conj_Right
2019-05-31 17:31:06,2019-05-31 17:35:28,0,157.51.97.209,100,261,1,2019-05-31 17:35:28,R_spc6208fUNf0ICJ,,,,,10.990997314453125,76.966705322265625,anonymous,EN,,,,,day is beautiful,,,,,,1,1,2,1,2,,,,,,,,,,,,,,,,,,,,,2,2,1,2,1,,,,,,,,,,,,,DB,Conj_Right
2019-05-31 17:17:48,2019-05-31 17:35:53,0,1.23.90.153,100,1085,1,2019-05-31 17:35:54,R_3Mosf9I1HveyHzY,,,,,18.97210693359375,72.8246002197265625,anonymous,EN,,,Ava,,,,,,,,2,1,1,1,2,89,89,85,1,98,98,97,1,100,,,,,,,,,,,,1,1,1,2,2,,,,,,I have my knowledge of what I have learnt in the experiment,1,29,2,1,White,1,DB,Conj_Left
2019-05-31 17:32:48,2019-05-31 17:36:27,0,112.133.248.17,100,218,1,2019-05-31 17:36:27,R_1mnlcoBmvqFkRaj,,,,,11.100006103515625,77.350006103515625,anonymous,EN,,,,,James,,,,,,1,2,1,1,2,,,,,,,,,,,,,,,,,,,,,1,1,2,1,1,,,,,,,,,,,,,DB,Conj_Left
2019-05-31 17:39:35,2019-05-31 17:39:48,0,157.46.95.212,100,12,1,2019-05-31 17:39:52,R_9zScCh9ZjpdEwlr,,,,,10.990997314453125,76.966705322265625,anonymous,EN,,,,noah,,,,,,,,,,,,,,,,,,,,,,,,,,,,,,,,,,,,,,,,,,,,,,,,,,
2019-05-31 17:23:18,2019-05-31 17:39:50,0,119.153.178.164,100,991,1,2019-05-31 17:39:52,R_b7NH8aIqBqkvk3f,,,,,31.49090576171875,74.36810302734375,anonymous,EN,,,,Noah,,,,,,,1,1,1,2,2,88,20,0,2,85,18,100,2,87,,,,,,,,,,,,,,,,,,,,,,,1,23,2,2,,2,DB,Conj_Left
2019-05-31 17:37:45,2019-05-31 17:39:54,0,100.12.84.61,100,129,1,2019-05-31 17:39:56,R_30wQWqnd1nX7PIo,,,,,40.7364044189453125,-73.86949920654296875,anonymous,EN,,Benjamin,,,,1,1,2,2,2,,,,,,,,,,,,,,,,,,,,,,,,,,,,,,,1,1,1,2,1,,,,,,,,DT,Conj_Right
2019-05-31 17:39:53,2019-05-31 17:40:08,0,157.46.95.212,100,15,1,2019-05-31 17:40:14,R_w6IoFDZS7fGz1VD,,,,,10.990997314453125,76.966705322265625,anonymous,EN,,MIA,,,,,,,,,,,,,,,,,,,,,,,,,,,,,,,,,,,,,,,,,,,,,,,,,,,,
2019-05-31 17:40:13,2019-05-31 17:40:27,0,157.46.95.212,100,13,1,2019-05-31 17:40:28,R_2YPXkF3Lce4FzVs,,,,,10.990997314453125,76.966705322265625,anonymous,EN,,BENJAMIN,,,,,,,,,,,,,,,,,,,,,,,,,,,,,,,,,,,,,,,,,,,,,,,,,,,,
2019-05-31 17:40:32,2019-05-31 17:40:43,0,157.46.95.212,100,10,1,2019-05-31 17:40:43,R_11jaZaa8y6O0l6Q,,,,,10.990997314453125,76.966705322265625,anonymous,EN,,,,AMELIA,,,,,,,,,,,,,,,,,,,,,,,,,,,,,,,,,,,,,,,,,,,,,,,,,,
2019-05-31 17:40:49,2019-05-31 17:40:57,0,157.46.95.212,100,8,1,2019-05-31 17:40:58,R_Q06aFYwk11zg8ed,,,,,10.990997314453125,76.966705322265625,anonymous,EN,,,,NOAH,,,,,,,,,,,,,,,,,,,,,,,,,,,,,,,,,,,,,,,,,,,,,,,,,,
2019-05-31 17:33:59,2019-05-31 17:41:21,0,50.83.46.151,100,441,1,2019-05-31 17:41:21,R_1jd2cdw9CnsdEsJ,,,,,41.494598388671875,-90.56749725341796875,anonymous,EN,,,,Noah,,,,,,,1,2,1,2,2,74,15,0,2,89,19,91,2,94,,,,,,,,,,,,1,1,1,2,2,,,,,,"I picked the one that had more of a chance of going in, the one closest to the opening, so that if one or both hit, it would go in.",1,51,1,1,white,2,DB,Conj_Left
2019-05-31 17:41:02,2019-05-31 17:44:29,0,157.46.95.212,100,206,1,2019-05-31 17:44:30,R_pfQ6OYz5q8bNvEd,,,,,10.990997314453125,76.966705322265625,anonymous,EN,,,,,JAMES,,,,,,1,1,2,1,2,,,,,,,,,,,,,,,,,,,,,1,1,1,1,1,,,,,,,,,,,,,DB,Conj_Right
2019-05-31 17:44:40,2019-05-31 17:44:51,8,157.46.95.212,100,11,1,2019-05-31 17:44:52,R_1ieeTN49agk0R3u,,,,,10.990997314453125,76.966705322265625,anonymous,EN,,BENJAMIN,,,,,,,,,,,,,,,,,,,,,,,,,,,,,,,,,,,,,,,,,,,,,,,,,,,,
2019-05-31 17:44:57,2019-05-31 17:45:08,0,157.46.95.212,100,11,1,2019-05-31 17:45:08,R_2D1xCsqt2FFjFlN,,,,,10.990997314453125,76.966705322265625,anonymous,EN,LIAM,,,,,,,,,,,,,,,,,,,,,,,,,,,,,,,,,,,,,,,,,,,,,,,,,,,,,
2019-05-31 17:45:16,2019-05-31 17:45:25,8,157.46.95.212,100,8,1,2019-05-31 17:45:25,R_1EioFsSq1PfySqp,,,,,10.990997314453125,76.966705322265625,anonymous,EN,,MIA,,,,,,,,,,,,,,,,,,,,,,,,,,,,,,,,,,,,,,,,,,,,,,,,,,,,
2019-05-31 17:45:30,2019-05-31 17:45:39,8,157.46.95.212,100,8,1,2019-05-31 17:45:39,R_AHv8X4z5XzTZ3c5,,,,,10.990997314453125,76.966705322265625,anonymous,EN,,,,NOAH,,,,,,,,,,,,,,,,,,,,,,,,,,,,,,,,,,,,,,,,,,,,,,,,,,
2019-05-31 17:36:39,2019-05-31 17:45:49,0,73.177.134.158,100,549,1,2019-05-31 17:45:49,R_2Wvtn3gWSfScj9c,,,,,38.6548004150390625,-78.45960235595703125,anonymous,EN,,,,,James,,,,,,1,1,1,2,2,87,26,0,1,85,63,100,1,,100,,,,,,,,,,,,,,,,,,,,,I think It would have had to have A to go through on the one thats further from the gate.,1,41,1,1,white,2,DB,Conj_Right
2019-05-31 17:45:44,2019-05-31 17:45:52,8,157.46.95.212,100,7,1,2019-05-31 17:45:52,R_2rzpsu5vrnep0Zz,,,,,10.990997314453125,76.966705322265625,anonymous,EN,,MIA,,,,,,,,,,,,,,,,,,,,,,,,,,,,,,,,,,,,,,,,,,,,,,,,,,,,
2019-05-31 17:45:56,2019-05-31 17:46:05,0,157.46.95.212,100,8,1,2019-05-31 17:46:06,R_DAKbl7BMPPpBFZL,,,,,10.990997314453125,76.966705322265625,anonymous,EN,,,WILLIAM,,,,,,,,,,,,,,,,,,,,,,,,,,,,,,,,,,,,,,,,,,,,,,,,,,,
2019-05-31 17:46:13,2019-05-31 17:46:25,8,157.46.95.212,100,12,1,2019-05-31 17:46:26,R_2EbqZyBveFYCnXW,,,,,10.990997314453125,76.966705322265625,anonymous,EN,,,,AMELIA,,,,,,,,,,,,,,,,,,,,,,,,,,,,,,,,,,,,,,,,,,,,,,,,,,
2019-05-31 17:46:31,2019-05-31 17:46:38,0,157.46.95.212,100,7,1,2019-05-31 17:46:39,R_215iprkM2GuAwh4,,,,,10.990997314453125,76.966705322265625,anonymous,EN,,,AVA,,,,,,,,,,,,,,,,,,,,,,,,,,,,,,,,,,,,,,,,,,,,,,,,,,,
2019-05-31 17:42:51,2019-05-31 17:46:49,0,108.197.229.66,100,238,1,2019-05-31 17:46:50,R_2uUKLSLCEQThvQd,,,,,42.046905517578125,-88.1051025390625,anonymous,EN,Emma,,,,,,,,,,1,1,1,2,2,100,51,100,1,100,0,100,1,0,,,,,,,,,,,,,,,,,,,,,,No comments,1,23,2,1,"Asian ",2,DB,Conj_Left
2019-05-31 17:46:43,2019-05-31 17:46:50,8,157.46.95.212,100,6,1,2019-05-31 17:46:50,R_9MExPtFMtJvsOZz,,,,,10.990997314453125,76.966705322265625,anonymous,EN,,,,AMELIA,,,,,,,,,,,,,,,,,,,,,,,,,,,,,,,,,,,,,,,,,,,,,,,,,,
2019-05-31 17:46:54,2019-05-31 17:47:07,8,157.46.95.212,100,13,1,2019-05-31 17:47:08,R_2VIsFCFuXzgGqH2,,,,,10.990997314453125,76.966705322265625,anonymous,EN,,BENJAMIN,,,,,,,,,,,,,,,,,,,,,,,,,,,,,,,,,,,,,,,,,,,,,,,,,,,,
2019-05-31 17:41:58,2019-05-31 17:47:09,0,122.174.123.211,100,310,1,2019-05-31 17:47:09,R_2wQs2LyJqTImVZP,,,,,13.0843048095703125,80.280487060546875,anonymous,EN,,,,Noah,,1,2,2,1,1,,,,,,,,,,,,,,,,,,,,,,,,,,,,,,,2,1,2,1,2,,,,,,,,DT,Conj_Right
2019-05-31 17:47:14,2019-05-31 17:47:47,0,122.174.123.211,100,32,1,2019-05-31 17:47:47,R_3JCNNcANXG1flig,,,,,13.0843048095703125,80.280487060546875,anonymous,EN,,BENJAMIN,,,,,,,,,,,,,,,,,,,,,,,,,,,,,,,,,,,,,,,,,,,,,,,,,,,,
2019-05-31 17:47:25,2019-05-31 17:47:49,0,122.164.205.28,100,24,1,2019-05-31 17:47:50,R_1fadFB20tz263G5,,,,,13.0843048095703125,80.280487060546875,anonymous,EN,,,,"It's a beautiful day, isn't it?",,,,,,,,,,,,,,,,,,,,,,,,,,,,,,,,,,,,,,,,,,,,,,,,,,
2019-05-31 17:47:16,2019-05-31 17:48:42,0,157.46.95.212,100,85,1,2019-05-31 17:48:43,R_3HS53HLREc7sEcD,,,,,10.990997314453125,76.966705322265625,anonymous,EN,,,,,JAMES,2,1,1,2,1,,,,,,,,,,,,,,,,,,,,,,,,,,,,,,,1,1,2,2,2,,,,,,,,DT,Conj_Right
2019-05-31 17:47:27,2019-05-31 17:48:58,0,122.164.205.28,100,90,1,2019-05-31 17:48:58,R_1jCXeSwwoxlz6o5,,,,,13.0843048095703125,80.280487060546875,anonymous,EN,,Benjamin,,,,1,2,1,1,1,,,,,,,,,,,,,,,,,,,,,,,,,,,,,,,2,1,1,2,2,,,,,,,,DT,Conj_Left
2019-05-31 17:48:48,2019-05-31 17:48:59,8,157.46.95.212,100,11,1,2019-05-31 17:48:59,R_2PoES5HkUHBdH3n,,,,,10.990997314453125,76.966705322265625,anonymous,EN,LIAM,,,,,,,,,,,,,,,,,,,,,,,,,,,,,,,,,,,,,,,,,,,,,,,,,,,,,
2019-05-31 17:49:06,2019-05-31 17:49:13,8,157.46.95.212,100,7,1,2019-05-31 17:49:13,R_3POfx0RHt6DNX0V,,,,,10.990997314453125,76.966705322265625,anonymous,EN,,MIA,,,,,,,,,,,,,,,,,,,,,,,,,,,,,,,,,,,,,,,,,,,,,,,,,,,,
2019-05-31 17:49:18,2019-05-31 17:49:29,8,157.46.95.212,100,11,1,2019-05-31 17:49:29,R_1CIWO2HWqCcigyl,,,,,10.990997314453125,76.966705322265625,anonymous,EN,,BENJAMIN,,,,,,,,,,,,,,,,,,,,,,,,,,,,,,,,,,,,,,,,,,,,,,,,,,,,
2019-05-31 17:48:01,2019-05-31 17:51:05,0,122.174.123.211,100,183,1,2019-05-31 17:51:05,R_3DuNGuSXZOOAaaY,,,,,13.0843048095703125,80.280487060546875,anonymous,EN,,,,,James,2,2,1,1,2,,,,,,,,,,,,,,,,,,,,,,,,,,,,,,,1,2,2,1,1,,,,,,,,DT,Conj_Right
2019-05-31 17:48:04,2019-05-31 17:52:35,0,74.131.232.16,100,270,1,2019-05-31 17:52:35,R_1i8u0zFNzTFGFYg,,,,,38.3524932861328125,-87.56909942626953125,anonymous,EN,Emma,,,,,1,2,1,1,2,,,,,,,,,,,,,,,,29,81,0,1,21,82,100,1,,80,,,,,,1,1,1,2,2,I thought about probability.,1,28,1,1,white,2,DT,Conj_Right
2019-05-31 17:53:57,2019-05-31 17:54:19,0,110.227.238.207,100,21,1,2019-05-31 17:54:19,R_2XbKM51FiaZgZLb,,,,,13.0843048095703125,80.280487060546875,anonymous,EN,emma,,,,,,,,,,,,,,,,,,,,,,,,,,,,,,,,,,,,,,,,,,,,,,,,,,,,,
2019-05-31 17:54:55,2019-05-31 17:55:02,0,157.46.25.100,100,7,1,2019-05-31 17:55:02,R_3oWTQim4iojwFo2,,,,,10.990997314453125,76.966705322265625,anonymous,EN,LIAM,,,,,,,,,,,,,,,,,,,,,,,,,,,,,,,,,,,,,,,,,,,,,,,,,,,,,
2019-05-31 17:55:08,2019-05-31 17:55:14,0,157.46.25.100,100,6,1,2019-05-31 17:55:15,R_2OIKjgQYyZ86flE,,,,,10.990997314453125,76.966705322265625,anonymous,EN,,BENJAMIN,,,,,,,,,,,,,,,,,,,,,,,,,,,,,,,,,,,,,,,,,,,,,,,,,,,,
2019-05-31 17:55:20,2019-05-31 17:55:26,0,157.46.25.100,100,6,1,2019-05-31 17:55:27,R_3Ho7MOn5Y9TQAWV,,,,,10.990997314453125,76.966705322265625,anonymous,EN,,,WILLIAM,,,,,,,,,,,,,,,,,,,,,,,,,,,,,,,,,,,,,,,,,,,,,,,,,,,
2019-05-31 17:55:29,2019-05-31 17:55:35,0,157.46.25.100,100,5,1,2019-05-31 17:55:35,R_2Cxrc6JNqsD1PiT,,,,,10.990997314453125,76.966705322265625,anonymous,EN,,,AVA,,,,,,,,,,,,,,,,,,,,,,,,,,,,,,,,,,,,,,,,,,,,,,,,,,,
2019-05-31 17:55:37,2019-05-31 17:55:42,0,157.46.25.100,100,5,1,2019-05-31 17:55:43,R_Ole7Y1aDUxzU2at,,,,,10.990997314453125,76.966705322265625,anonymous,EN,,,,NOAH,,,,,,,,,,,,,,,,,,,,,,,,,,,,,,,,,,,,,,,,,,,,,,,,,,
2019-05-31 17:55:45,2019-05-31 17:55:51,8,157.46.25.100,100,5,1,2019-05-31 17:55:51,R_2QfADIlPel1E9jU,,,,,10.990997314453125,76.966705322265625,anonymous,EN,LIAM,,,,,,,,,,,,,,,,,,,,,,,,,,,,,,,,,,,,,,,,,,,,,,,,,,,,,
2019-05-31 17:55:53,2019-05-31 17:56:46,0,157.46.25.100,100,53,1,2019-05-31 17:56:47,R_115guzPpu02pkk9,,,,,10.990997314453125,76.966705322265625,anonymous,EN,,,,,JAMES,2,2,1,1,1,,,,,,,,,,,,,,,,,,,,,,,,,,,,,,,1,1,2,2,2,,,,,,,,DT,Conj_Right
2019-05-31 17:52:00,2019-05-31 17:57:31,0,24.171.75.95,100,330,1,2019-05-31 17:57:32,R_vkKtuNPM0NdbXl7,,,,,38.3170013427734375,-88.91049957275390625,anonymous,EN,,,Ava,,,1,1,2,2,2,,,,,,,,,,,,,,,,,,,,,,,,,,,,,,,1,1,2,2,2,,,,,,,,DT,Conj_Left
2019-05-31 17:56:49,2019-05-31 17:57:42,0,157.46.25.100,100,52,1,2019-05-31 17:57:43,R_1i5nJ5jDL8Mqaqh,,,,,10.990997314453125,76.966705322265625,anonymous,EN,,,,,JAMES,1,1,2,2,2,,,,,,,,,,,,,,,,,,,,,,,,,,,,,,,2,2,1,1,2,,,,,,,,DT,Conj_Left
2019-05-31 17:51:09,2019-05-31 17:58:08,0,122.174.123.211,100,419,1,2019-05-31 17:58:09,R_6WLMoUApFAnQE6Z,,,,,13.0843048095703125,80.280487060546875,anonymous,EN,,,,,James,1,2,1,1,2,,,,,,,,,,,,,,,,,,,,,,,,,,,,,,,1,1,2,2,2,,,,,,,,DT,Conj_Right
2019-05-31 17:47:36,2019-05-31 17:58:24,0,108.171.159.47,100,647,1,2019-05-31 17:58:24,R_1rH6l9VbFRUKGeb,,,,,18.97210693359375,72.8246002197265625,anonymous,EN,,,,,James,1,1,1,2,2,,,,,,,,,,,,,,,,39,73,21,1,33,92,97,2,,100,,,,,,,,,,,"I did the same, my decision was same for the similar video clip situation, so I chose that option.",1,35,2,1,Asian,2,DT,Conj_Right
2019-05-31 17:54:44,2019-05-31 17:58:25,0,24.211.74.225,100,221,1,2019-05-31 17:58:26,R_1n1n2hmzuqxmy1f,,,,,34.1230926513671875,-79.689300537109375,anonymous,EN,Emma,,,,,,,,,,1,1,1,2,2,85,14,0,2,79,12,100,2,,36,,,,,,,,,,,,,,,,,,,,,Uhh mostly the ball going through the 80% block,2,,2,2,,2,DB,Conj_Right
2019-05-31 17:54:28,2019-05-31 17:58:53,0,110.227.238.207,100,265,1,2019-05-31 17:58:54,R_1rcgHM8QWYU4ZZJ,,,,,13.0843048095703125,80.280487060546875,anonymous,EN,,,Ava,,,,,,,,1,1,2,2,2,77,65,81,2,73,59,79,1,73,,,,,,,,,,,,1,1,1,2,2,,,,,,good,1,26,2,1,india,2,DB,Conj_Left
2019-05-31 17:37:42,2019-05-31 17:59:18,0,71.81.87.92,100,1296,1,2019-05-31 17:59:19,R_3eaCOzTwKLfGLFz,,,,,38.4069061279296875,-90.43810272216796875,anonymous,EN,,Benjamin,,,,1,1,1,2,2,,,,,,,,,,,,,,,,18,84,30,1,13,90,91,1,91,,,,,,,,,,,,"Since he chose that ball B went through the motion block, he wasn't really concerned if ball A, having the harder motion block, went through. He must have just wanted to make sure that one went through.",1,47,1,1,white,2,DT,Conj_Left
2019-05-31 17:58:33,2019-05-31 18:00:28,0,157.50.242.100,100,114,1,2019-05-31 18:00:28,R_3lQzimUJjMw0KP6,,,,,10.990997314453125,76.966705322265625,anonymous,EN,,,Ava,,,1,1,1,2,2,,,,,,,,,,,,,,,,56,66,50,2,63,43,69,1,86,,,,,,,,,,,,interesting,1,1992,1,1,asian,3,DT,Conj_Left
2019-05-31 17:58:15,2019-05-31 18:01:26,0,122.174.123.211,100,190,1,2019-05-31 18:01:26,R_RsDJ3S8pEdqEhfX,,,,,13.0843048095703125,80.280487060546875,anonymous,EN,,,Ava,,,1,1,1,1,2,,,,,,,,,,,,,,,,,,,,,,,,,,,,,,,2,2,1,1,2,,,,,,,,DT,Conj_Right
2019-05-31 17:58:07,2019-05-31 18:04:04,0,165.84.231.99,100,356,1,2019-05-31 18:04:04,R_BGioSXsfPCR6ulP,,,,,51.5164031982421875,-0.0930023193359375,anonymous,EN,,,Ava,,,,,,,,1,2,1,2,1,,,,,,,,,,,,,,,,,,,,,1,2,2,2,2,,,,,,,,,,,,,DB,Conj_Right
2019-05-31 18:02:01,2019-05-31 18:04:47,0,100.2.225.159,100,166,1,2019-05-31 18:04:47,R_vphLAZbLIKWdAo9,,,,,40.5980072021484375,-73.9467010498046875,anonymous,EN,,,,Noah,,,,,,,1,1,1,2,2,69,77,12,1,87,21,83,2,,75,,,,,,,,,,,,,,,,,,,,,,1,19,2,1,Asian,2,DB,Conj_Right
2019-05-31 18:01:53,2019-05-31 18:05:03,0,122.174.123.211,100,190,1,2019-05-31 18:05:04,R_1FaDPIfjHX4tY86,,,,,13.0843048095703125,80.280487060546875,anonymous,EN,,,,Noah,,,,,,,1,1,1,2,2,52,41,68,2,61,52,59,1,40,,,,,,,,,,,,,,,,,,,,,,good,1,28,2,1,asian,2,DB,Conj_Left
2019-05-31 18:06:43,2019-05-31 18:07:50,0,97.103.236.162,100,66,1,2019-05-31 18:07:50,R_26kAoNkSPoOOiSv,,,,,28.3773956298828125,-81.1887969970703125,anonymous,EN,,,,,James,,,,,,1,2,1,1,2,,,,,,,,,,,,,,,,,,,,,1,2,2,2,2,,,,,,,,,,,,,DB,Conj_Left
2019-05-31 17:58:25,2019-05-31 18:09:08,0,209.237.107.3,100,643,1,2019-05-31 18:09:09,R_3oEEtzvKcOlosiQ,,,,,45.0131988525390625,-93.02970123291015625,anonymous,EN,Emma,,,,,1,1,2,2,2,,,,,,,,,,,,,,,,,,,,,,,,,,,,,,,1,2,2,1,2,,,,,,,,DT,Conj_Left
2019-05-31 17:50:41,2019-05-31 18:11:13,0,117.208.175.138,100,1231,1,2019-05-31 18:11:13,R_1kT7CbMbU02jwGE,,,,,10.990997314453125,76.966705322265625,anonymous,EN,Emma,,,,,,,,,,1,1,2,2,2,93,2,5,1,85,36,69,2,100,,,,,,,,,,,,1,1,1,2,2,,,,,,Ball E is closes to the gate so I choose Ball A can easily make it Ball E to reach the gate.,1,26,2,1,Indian,2,DB,Conj_Left
2019-05-31 18:04:55,2019-05-31 18:11:49,0,122.178.19.150,100,414,1,2019-05-31 18:11:50,R_3nUv7ZRGuke3Jb0,,,,,13.0843048095703125,80.280487060546875,anonymous,EN,,,Ava,,,,,,,,1,1,1,2,2,69,56,86,1,61,45,77,2,,82,,,,,,,,,,,,,,,,,,,,,"Good ",1,28,2,1,Asian,2,DB,Conj_Right
2019-05-31 18:12:12,2019-05-31 18:14:06,0,204.44.112.51,100,114,1,2019-05-31 18:14:07,R_3JjGuWn6HOK0EKZ,,,,,32.8137054443359375,-96.87039947509765625,anonymous,EN,,,Ava,,,,,,,,1,2,2,1,1,,,,,,,,,,,,,,,,,,,,,2,2,1,2,1,,,,,,,,,,,,,DB,Conj_Left
2019-05-31 18:11:57,2019-05-31 18:15:25,0,73.223.27.202,100,207,1,2019-05-31 18:15:25,R_1mOhmrQMH9zrsX1,,,,,37.341705322265625,-121.9752960205078125,anonymous,EN,,,,Noah,,,,,,,1,1,1,2,2,86,18,0,2,88,14,100,1,,41,,,,,,,,,,,,,,,,,,,,,I assumed he would answer how I did,1,34,2,1,asian,2,DB,Conj_Right
2019-05-31 18:09:12,2019-05-31 18:15:40,0,209.237.107.3,100,387,1,2019-05-31 18:15:40,R_sGuYTZV9R87er4Z,,,,,45.0131988525390625,-93.02970123291015625,anonymous,EN,,Benjamin,,,,1,1,1,2,2,,,,,,,,,,,,,,,,24,76,0,1,15,81,100,2,74,,,,,,,,,,,,"I felt that it was more likely that the ball was down on the end because they said that if the ball went through the barrier that was more likely to let a ball through it would go in.  I thought that if it was in the closer position it would be more likely to choose A. ",1,34,2,1,White,2,DT,Conj_Left
2019-05-31 18:13:31,2019-05-31 18:17:26,0,174.86.143.20,100,234,1,2019-05-31 18:17:26,R_3HvmWXuPxpbnifw,,,,,38.4998016357421875,-90.464996337890625,anonymous,EN,Emma,,,,,1,1,1,2,2,,,,,,,,,,,,,,,,23,79,100,2,24,83,100,2,52,,,,,,,,,,,,"They both were in a situation where both balls could/would hit, so I don't know how to ascribe it to just one of them.",1,43,2,1,white,2,DT,Conj_Left
2019-05-31 18:14:13,2019-05-31 18:18:20,0,204.44.112.51,100,247,1,2019-05-31 18:18:21,R_1gAfpl8GjcJPtqo,,,,,32.8137054443359375,-96.87039947509765625,anonymous,EN,,Benjamin,,,,1,2,1,2,2,,,,,,,,,,,,,,,,,,,,,,,,,,,,,,,2,1,2,1,2,,,,,,,,DT,Conj_Right
2019-05-31 18:14:17,2019-05-31 18:18:33,0,117.208.175.16,100,256,1,2019-05-31 18:18:34,R_vowo0CyiVrm965r,,,,,10.990997314453125,76.966705322265625,anonymous,EN,,,,Noah,,1,1,1,2,2,,,,,,,,,,,,,,,,0,94,3,2,2,94,6,2,100,,,,,,,,,,,,The second figure is more possible for Ball E will reach the gate because it was very close to the gate.,1,28,2,1,Indian,2,DT,Conj_Left
2019-05-31 18:18:25,2019-05-31 18:18:59,0,204.44.112.51,100,33,1,2019-05-31 18:19:00,R_1oaQnIeuMUZNHpR,,,,,32.8137054443359375,-96.87039947509765625,anonymous,EN,,,Ava,,,1,2,1,2,2,,,,,,,,,,,,,,,,,,,,,,,,,,,,,,,1,1,1,1,2,,,,,,,,DT,Conj_Right
2019-05-31 18:16:37,2019-05-31 18:19:11,0,171.49.219.142,100,153,1,2019-05-31 18:19:12,R_2to2h3pC7iGK8UO,,,,,13.0843048095703125,80.280487060546875,anonymous,EN,,Benjamin,,,,,,,,,1,1,1,2,2,57,55,64,1,76,60,75,2,25,,,,,,,,,,,,,,,,,,,,,,It is good work and nice experiment.,1,28,2,1,Asian,2,DB,Conj_Left
2019-05-31 18:19:04,2019-05-31 18:19:48,0,204.44.112.51,100,44,1,2019-05-31 18:19:48,R_bx72T8oq7SEJqbT,,,,,32.8137054443359375,-96.87039947509765625,anonymous,EN,,,,,James,2,2,2,2,2,,,,,,,,,,,,,,,,,,,,,,,,,,,,,,,2,1,2,1,1,,,,,,,,DT,Conj_Left
2019-05-31 18:19:52,2019-05-31 18:20:25,0,204.44.112.51,100,33,1,2019-05-31 18:20:25,R_1QEovYmcU1zWJNX,,,,,32.8137054443359375,-96.87039947509765625,anonymous,EN,,,,,James,2,1,2,1,1,,,,,,,,,,,,,,,,,,,,,,,,,,,,,,,1,2,1,2,1,,,,,,,,DT,Conj_Left
2019-05-31 18:20:33,2019-05-31 18:21:05,0,204.44.112.51,100,31,1,2019-05-31 18:21:05,R_D6v3m7A3e8X0yFX,,,,,32.8137054443359375,-96.87039947509765625,anonymous,EN,,Benjamin,,,,1,1,1,1,1,,,,,,,,,,,,,,,,,,,,,,,,,,,,,,,2,2,2,2,1,,,,,,,,DT,Conj_Right
2019-05-31 18:06:08,2019-05-31 18:22:01,0,75.138.181.198,100,953,1,2019-05-31 18:22:01,R_3ilNuNOfWUBIL6e,,,,,42.0749969482421875,-72.03530120849609375,anonymous,EN,,,,,James,,,,,,2,1,1,2,2,88,11,100,1,79,28,100,1,,50,,,,,,,,,,,1,1,1,2,2,,,,,,I was not sure which scenes were more likely since both scenes ball A would have caused it to go through the gate.,1,36,1,1,white,2,DB,Conj_Right
2019-05-31 18:16:03,2019-05-31 18:25:28,0,27.5.116.114,100,564,1,2019-05-31 18:25:29,R_6qZvkJ8CqlyLXRn,,,,,13.0843048095703125,80.280487060546875,anonymous,EN,,,Ava,,,1,1,2,2,2,,,,,,,,,,,,,,,,,,,,,,,,,,,,,,,2,2,1,2,2,,,,,,,,DT,Conj_Left
2019-05-31 17:59:43,2019-05-31 18:26:07,0,171.49.206.138,100,1584,1,2019-05-31 18:26:08,R_3EsDVEDCbtFzwdX,,,,,13.0843048095703125,80.280487060546875,anonymous,EN,,,,,James,1,1,1,2,2,,,,,,,,,,,,,,,,70,62,65,2,77,82,68,1,81,,,,,,,,,,,,"When it comes to selecting a university, the “one-size-fits-all” theory becomes redundant. As we all have unique needs based on our ambitions and our means to realize these ambitions, an Ivy League school may not be the right fit for many of us. To help you select the right school for you (be it in the Ivy League or not), we’ve put together a list of 21 factors for you to consider while shortlisting the universities for your higher education.",1,1994,2,1,asian,2,DT,Conj_Left
2019-05-31 18:26:31,2019-05-31 18:28:39,0,157.50.29.76,100,128,1,2019-05-31 18:28:40,R_cYKEhirOfJFqO2Z,,,,,13.0843048095703125,80.280487060546875,anonymous,EN,,,ava,,,,,,,,,,,,,,,,,,,,,,,,,,,,,,,,,,,,,,,,,,,,,,,,,,,
2019-05-31 18:26:13,2019-05-31 18:30:44,0,171.49.194.73,100,271,1,2019-05-31 18:30:45,R_OfAClvYyNb1SNKV,,,,,13.0843048095703125,80.280487060546875,anonymous,EN,,,,,James,1,1,1,2,2,,,,,,,,,,,,,,,,67,85,76,1,70,41,85,2,,82,,,,,,,,,,,It is very good one and very interesting.,1,28,2,1,Asian,2,DT,Conj_Right
2019-05-31 18:14:40,2019-05-31 18:34:49,0,122.164.109.142,100,1209,1,2019-05-31 18:34:50,R_2Tw0DLOKwsnV51f,,,,,13.0843048095703125,80.280487060546875,anonymous,EN,,,Ava,,,,,,,,1,1,1,2,2,73,86,64,1,77,72,74,2,65,,,,,,,,,,,,,,,,,,,,,,"There are several important factors that influence decision making. Significant factors include past experiences, a variety of cognitive biases, an escalation of commitment and sunk outcomes, individual differences, including age and socioeconomic status, and a belief in personal relevance. These things all impact the decision making process and the decisions made.",1,1991,2,1,asian,2,DB,Conj_Left
2019-05-31 18:19:21,2019-05-31 18:38:19,0,100.37.37.25,100,1137,1,2019-05-31 18:38:19,R_1QDyb5TMSqaVh0S,,,,,40.5467987060546875,-74.18039703369140625,anonymous,EN,,,,,James,1,1,1,2,2,,,,,,,,,,,,,,,,15,85,0,1,11,87,100,1,83,,,,,,,,,,,,"Well this information given in the instructions, ball positioning, and the 80% chance and 20% chance of the balls going through.

If he saw it was further away only one would have had to hit it, I believe.",1,69,1,1,white,2,DT,Conj_Left
2019-05-31 18:31:52,2019-05-31 18:39:01,0,162.154.64.19,100,428,1,2019-05-31 18:39:01,R_290rx4bx27TNSQG,,,,,36.8632965087890625,-87.48480224609375,anonymous,EN,Emma,,,,,1,2,1,2,2,,,,,,,,,,,,,,,,82,19,3,2,84,13,41,1,91,,,,,,,1,1,1,2,2,I don't know i just took an educated guess,1,26,2,1,Black,2,DT,Conj_Left
2019-05-31 18:23:01,2019-05-31 18:39:26,0,185.175.156.26,100,984,1,2019-05-31 18:39:26,R_3fVjNGubrY4CoUA,,,,,40.4651947021484375,-74.2306976318359375,anonymous,EN,,,,,"It´s a beautiful day, isn´t it? Who is Evelyn talking to?",2,2,1,1,2,,,,,,,,,,,,,,,,,,,,,,,,,,,,,,,1,1,2,1,2,,,,,,,,DT,Conj_Left
2019-05-31 18:39:29,2019-05-31 18:40:35,0,185.175.156.26,100,66,1,2019-05-31 18:40:36,R_31avE2ZgZ6hBS8n,,,,,40.4651947021484375,-74.2306976318359375,anonymous,EN,,,,"It´s a beautiful day, isn´t it? Who is Amelia talking to?",,,,,,,,,,,,,,,,,,,,,,,,,,,,,,,,,,,,,,,,,,,,,,,,,,
2019-05-31 18:40:43,2019-05-31 18:41:46,0,185.175.156.26,100,63,1,2019-05-31 18:41:47,R_ClADeJBu3QGuHfz,,,,,40.4651947021484375,-74.2306976318359375,anonymous,EN,"It´s a beautiful dat, isn´t it? Who is Liam talking to?",,,,,,,,,,,,,,,,,,,,,,,,,,,,,,,,,,,,,,,,,,,,,,,,,,,,,
2019-05-31 18:32:25,2019-05-31 18:42:09,0,110.227.244.97,100,584,1,2019-05-31 18:42:09,R_30hDL44amXgD55K,,,,,13.0843048095703125,80.280487060546875,anonymous,EN,,Benjamin,,,,,,,,,1,1,1,2,2,63,50,68,1,51,59,53,1,72,,,,,,,,,,,,,,,,,,,,,,Good One,1,1990,2,1,Asian,3,DB,Conj_Left
2019-05-31 18:35:28,2019-05-31 18:42:55,0,157.46.125.168,100,447,1,2019-05-31 18:42:56,R_2fwH3EucSjYPbSH,,,,,10.990997314453125,76.966705322265625,anonymous,EN,,,,Noah,,,,,,,1,1,1,2,2,100,100,0,2,100,100,100,2,,0,,,,,,,,,,,,,,,,,,,,,"Ball E did go through the gate, if ball A or ball B or both go through the motion block.",1,34,2,1,Indian,2,DB,Conj_Right
2019-05-31 18:31:11,2019-05-31 18:43:19,0,47.31.179.90,100,728,1,2019-05-31 18:43:20,R_3O3xfpQbxcnwOyM,,,,,28.66900634765625,77.22198486328125,anonymous,EN,Emma,,,,,,,,,,1,1,1,2,2,89,17,0,2,90,14,100,2,50,,,,,,,,,,,,,,,,,,,,,,Both scenarios were equally likely because Neither A nor B has any upper hand in sending E through the gate.,1,25,2,2,,2,DB,Conj_Left
2019-05-31 18:40:08,2019-05-31 18:45:16,0,76.227.92.120,100,307,1,2019-05-31 18:45:16,R_2BA3fBKQLTmImiD,,,,,32.581695556640625,-97.13990020751953125,anonymous,EN,Emma,,,,,1,1,1,2,2,,,,,,,,,,,,,,,,20,86,100,2,30,81,100,2,,0,,,,,,,,,,,n/a,1,32,2,1,white,2,DT,Conj_Right
2019-05-31 18:45:44,2019-05-31 18:45:53,0,71.40.11.57,100,8,1,2019-05-31 18:45:53,R_2dW96VtkPA3uEWb,,,,,30.4031982421875,-97.75299835205078125,anonymous,EN,,,ava,,,,,,,,,,,,,,,,,,,,,,,,,,,,,,,,,,,,,,,,,,,,,,,,,,,
2019-05-31 18:28:43,2019-05-31 18:46:08,0,157.50.29.76,100,1044,1,2019-05-31 18:46:09,R_29nLm8nGJe5pok7,,,,,13.0843048095703125,80.280487060546875,anonymous,EN,,Mia taking to Benjamin,,,,,,,,,1,1,1,1,1,,,,,,,,,,,,,,,,,,,,,1,1,1,1,2,,,,,,,,,,,,,DB,Conj_Right
2019-05-31 18:40:07,2019-05-31 18:47:21,0,65.220.84.142,100,433,1,2019-05-31 18:47:21,R_3ptH2Gh7kkwdkSy,,,,,37.751007080078125,-97.82199859619140625,anonymous,EN,,,,,James,1,1,2,2,2,,,,,,,,,,,,,,,,,,,,,,,,,,,,,,,1,1,1,1,2,,,,,,,,DT,Conj_Left
2019-05-31 18:12:10,2019-05-31 18:49:12,0,68.59.231.210,100,2222,1,2019-05-31 18:49:13,R_cTtSQBL9Sx6bIw9,,,,,35.4557037353515625,-84.60260009765625,anonymous,EN,,,,,James,1,1,1,2,2,,,,,,,,,,,,,,,,30,65,12,1,29,72,94,1,82,,,,,,,,,,,,"The scene where ball E was closest to the gate was more likely, since if ball E were in the middle and ball A was blocked, which would have happened with 80% certainty, then ball E would not have gone through the gate. ",1,28,2,1,White,2,DT,Conj_Left
2019-05-31 18:48:11,2019-05-31 18:51:57,0,65.220.84.142,100,226,1,2019-05-31 18:51:58,R_1Ed0We961aLoT1e,,,,,37.751007080078125,-97.82199859619140625,anonymous,EN,,,,,James,,,,,,1,1,2,2,1,,,,,,,,,,,,,,,,,,,,,2,2,2,2,1,,,,,,,,,,,,,DB,Conj_Right
2019-05-31 18:45:36,2019-05-31 18:58:02,0,71.40.11.57,100,745,1,2019-05-31 18:58:02,R_BSzVefjjUbb3FVT,,,,,30.4031982421875,-97.75299835205078125,anonymous,EN,,,Ava,,,,,,,,1,1,1,2,2,84,17,0,2,83,15,100,2,15,,,,,,,,,,,,,,,,,,,,,,I felt that it was more likely to choose that because of the position of the motion block that was dark red.,1,31,2,1,white,2,DB,Conj_Left
2019-05-31 18:50:11,2019-05-31 18:58:06,0,174.216.42.42,100,475,1,2019-05-31 18:58:07,R_238Nj1nHVGjt1Vp,,,,,47.312103271484375,-122.3661041259765625,anonymous,EN,,Benjamin,,,,,,,,,1,1,1,2,2,100,48,0,2,100,49,100,1,100,,,,,,,,,,,,,,,,,,,,,,Since he chose that ball A was the best representation it could be assumed that only one ball was needed to go through the gate.,1,61,1,1,White,2,DB,Conj_Left
2019-05-31 18:52:08,2019-05-31 19:03:19,0,65.220.84.142,100,671,1,2019-05-31 19:03:19,R_xAiOVPtyKUlCL4d,,,,,37.751007080078125,-97.82199859619140625,anonymous,EN,Emma,,,,,2,1,1,2,2,,,,,,,,,,,,,,,,91,78,96,2,81,73,90,1,,4,,,,,,1,1,1,2,2,"I took my decision to see the first scene.
This survey is very nice.",1,27,1,1,white,2,DT,Conj_Right
2019-05-31 18:56:56,2019-05-31 19:05:21,0,69.176.23.15,100,505,1,2019-05-31 19:05:22,R_3fjcXoAicqsy3JU,,,,,37.508697509765625,-82.85179901123046875,anonymous,EN,,,Ava,,,,,,,,1,1,1,2,2,80,17,1,2,86,18,99,1,79,,,,,,,,,,,,,,,,,,,,,,"Ball B was set up to be less likely to get through, so it was mainly relevant when the ball was closer to the wall. I think the scene where the ball is closer to the wall is more likely for the man to say that Ball A played more of a factor, because only one ball would have to get through, and ball A would be more likely.",1,31,2,1,Caucasion,2,DB,Conj_Left
2019-05-31 19:06:04,2019-05-31 19:17:00,0,68.42.138.254,100,656,1,2019-05-31 19:17:01,R_2TBprDcLPJ8N5wl,,,,,42.331298828125,-83.46559906005859375,anonymous,EN,,Benjamin,,,,,,,,,1,1,1,2,2,84,18,0,2,82,16,100,1,89,,,,,,,,,,,,,,,,,,,,,,Ball A was likely to go through the block but there was a small probability that it would not. Ball B was not likely to go through the block so I would not expect someone to assign causality to Ball B going through the block unless both balls were needed to cause Ball E to go through the gate.,1,25,2,1,Asian/Caucasian,2,DB,Conj_Left
2019-05-31 19:13:24,2019-05-31 19:17:37,0,59.96.229.241,100,253,1,2019-05-31 19:17:38,R_1gtnpy060MUwl3c,,,,,8.733306884765625,77.70001220703125,anonymous,EN,,,,Noah,,1,1,1,2,2,,,,,,,,,,,,,,,,82,95,100,1,89,100,99,2,100,,,,,,,,,,,,,1,26,1,1,Asian,2,DT,Conj_Left
2019-05-31 19:09:12,2019-05-31 19:20:28,0,198.8.80.109,100,676,1,2019-05-31 19:20:29,R_DePFTTuvnEW7eLv,,,,,47.490203857421875,-122.3003997802734375,anonymous,EN,,,,Noah,,1,1,1,2,2,,,,,,,,,,,,,,,,100,100,0,1,100,100,100,2,,0,,,,,,,,,,,The setup 1 method more possibilities. That factor influenced to take the decision.,1,39,2,1,Asian,2,DT,Conj_Right
2019-05-31 19:30:48,2019-05-31 19:31:36,0,122.164.233.201,100,47,1,2019-05-31 19:31:36,R_37VOJLbU3SpeEzD,,,,,13.0843048095703125,80.280487060546875,anonymous,EN,,," Ava: ""It's a beautiful day, isn't it",,,,,,,,1,1,2,2,2,,,,,,,,,,,,,,,,,,,,,1,1,1,2,1,,,,,,,,,,,,,DB,Conj_Left
2019-05-31 19:31:39,2019-05-31 19:31:54,0,122.164.233.201,100,14,1,2019-05-31 19:31:54,R_3fDXoURCJ6rzlXS,,,,,13.0843048095703125,80.280487060546875,anonymous,EN,,,"""It's a beautiful day, isn't it",,,,,,,,,,,,,,,,,,,,,,,,,,,,,,,,,,,,,,,,,,,,,,,,,,,
2019-05-31 19:31:57,2019-05-31 19:32:39,0,122.164.233.201,100,41,1,2019-05-31 19:32:40,R_2qBJLjDPGrnenaO,,,,,13.0843048095703125,80.280487060546875,anonymous,EN,,,,"Noah: ""It's a beautiful day, isn't it",,1,1,1,1,1,,,,,,,,,,,,,,,,,,,,,,,,,,,,,,,1,2,2,2,2,,,,,,,,DT,Conj_Right
2019-05-31 19:32:42,2019-05-31 19:38:20,0,122.164.233.201,100,338,1,2019-05-31 19:38:21,R_WB6UJRf9AoJFJzH,,,,,13.0843048095703125,80.280487060546875,anonymous,EN,,,"Ava: ""It's a beautiful day, isn't it",,,1,1,1,1,1,,,,,,,,,,,,,,,,,,,,,,,,,,,,,,,1,1,2,1,1,,,,,,,,DT,Conj_Right
2019-05-31 19:38:22,2019-05-31 19:44:25,0,122.164.233.201,100,363,1,2019-05-31 19:44:26,R_31NMg4P46ChzYyF,,,,,13.0843048095703125,80.280487060546875,anonymous,EN,,"Benjamin ",,,,,,,,,2,1,2,1,2,,,,,,,,,,,,,,,,,,,,,1,1,1,1,2,,,,,,,,,,,,,DB,Conj_Left
2019-05-31 19:44:30,2019-05-31 19:44:39,0,122.164.233.201,100,9,1,2019-05-31 19:44:40,R_sn7Kh2kOLxlgpiN,,,,,13.0843048095703125,80.280487060546875,anonymous,EN,,BENJAMIN,,,,,,,,,,,,,,,,,,,,,,,,,,,,,,,,,,,,,,,,,,,,,,,,,,,,
2019-05-31 19:45:43,2019-05-31 19:48:33,0,122.164.233.201,100,169,1,2019-05-31 19:48:33,R_2bQ7ouNBNbjg6Hg,,,,,13.0843048095703125,80.280487060546875,anonymous,EN,Emma,,,,,,,,,,1,1,1,2,2,71,71,84,1,75,72,90,2,,95,,,,,,,,,,,,,,,,,,,,,GOOD JOB,1,28,2,1,asian,2,DB,Conj_Right
2019-05-31 17:31:24,2019-05-31 19:52:00,0,180.149.210.222,100,8435,1,2019-05-31 19:52:00,R_2rxAHNgBhdrJXxT,,,,,24.904296875,67.081695556640625,anonymous,EN,,,,Noah,,,,,,,1,1,1,2,2,63,40,6,1,95,30,58,1,100,,,,,,,,,,,,,,,,,,,,,,Nice experiment but the instructions little confusing.,1,44,1,1,Asian,2,DB,Conj_Left
2019-05-31 21:08:12,2019-05-31 21:22:07,0,72.10.158.72,100,835,1,2019-05-31 21:22:08,R_SCNLaUzJzEj6x2x,,,,,46.793304443359375,-71.24530029296875,anonymous,EN,,,Ava,,,1,1,1,2,2,,,,,,,,,,,,,,,,19,84,0,1,17,84,100,1,,52,,,,,,,,,,,The explanation and the videos were really clear. It help.,1,36,2,1,caucasian-white,2,DT,Conj_Right
2019-05-30 23:56:14,2019-05-31 00:01:46,0,171.66.208.5,95,331,0,2019-05-31 21:22:12,R_TjcMhvDhmiw4la1,,,,,,,anonymous,EN,,,Ava,,,1,1,1,2,2,,,,,,,,,,,,,,,,18,84,5,1,21,83,95,2,83,,,,,,,,,,,,,,,,,,,DT,Conj_Left
2019-05-31 17:51:22,2019-05-31 17:53:03,0,146.115.172.45,72,100,0,2019-05-31 21:22:13,R_1pJZaP933aWoZET,,,,,,,anonymous,EN,Emma,,,,,1,2,1,2,1,,,,,,,,,,,,,,,,,,,,,,,,,,,,,,,,,,,,,,,,,,,DT,Conj_Right
2019-05-31 17:17:50,2019-05-31 17:19:09,0,24.17.191.242,49,79,0,2019-05-31 21:22:13,R_2zisvUMASoD9Qcp,,,,,,,anonymous,EN,,Benjamin,,,,,,,,,1,2,1,1,2,,,,,,,,,,,,,,,,,,,,,,,,,,,,,,,,,,,,,,DB,Conj_Right
2019-05-31 17:18:25,2019-05-31 17:24:54,0,205.197.219.74,99,389,0,2019-05-31 21:22:14,R_5BJkH6p8VJGORsl,,,,,,,anonymous,EN,,,,Noah,,1,1,1,2,2,,,,,,,,,,,,,,,,14,82,0,1,16,78,100,1,,22,,,,,,,,,,,"In the 2nd scene if A didn't go through then Ben would not have seen it go through the gate. But if he saw the same two scenes as I did, then the chance would have been 50/50",1,32,2,1,caucasian,2,DT,Conj_Right
2019-05-31 17:53:44,2019-05-31 17:55:06,0,96.239.101.102,6,82,0,2019-05-31 21:22:14,R_VX3dnahTfjnu0oN,,,,,,,anonymous,EN,,Benjamin,,,,,,,,,,,,,,,,,,,,,,,,,,,,,,,,,,,,,,,,,,,,,,,,,,,DT,Conj_Left
2019-05-31 18:04:12,2019-05-31 18:36:10,0,216.237.237.170,7,1917,0,2019-05-31 21:22:14,R_1ePjGrrI9qXTGT3,,,,,,,anonymous,EN,,,,Noah,,,,,,,,,,,,,,,,,,,,,,,,,,,,,,,,,,,,,,,,,,,,,,,,,DT,Conj_Right
2019-05-31 18:11:51,2019-05-31 18:19:30,0,66.55.156.251,50,459,0,2019-05-31 21:22:15,R_2QiiTsnJKIdzgTH,,,,,,,anonymous,EN,Emma,,,,,,,,,,1,1,2,1,1,,,,,,,,,,,,,,,,,,,,,,,,,,,,,,,,,,,,,,DB,Conj_Right
2019-05-31 17:43:35,2019-05-31 18:05:47,0,106.198.19.43,73,1331,0,2019-05-31 21:22:15,R_2pKq03gIcb31xg2,,,,,,,anonymous,EN,Emma,,,,,1,1,1,1,2,,,,,,,,,,,,,,,,,,,,,,,,,,,,,,,,,,,,,,,,,,,DT,Conj_Left
2019-05-31 19:08:53,2019-05-31 19:09:30,0,73.106.32.104,6,36,0,2019-05-31 21:22:15,R_1kMogPjfhyqsJ3S,,,,,,,anonymous,EN,,Benjamin,,,,,,,,,,,,,,,,,,,,,,,,,,,,,,,,,,,,,,,,,,,,,,,,,,,DT,Conj_Left
2019-05-31 17:31:47,2019-05-31 17:32:10,0,172.74.163.92,6,22,0,2019-05-31 21:22:15,R_1erzm2rUcP0HtLx,,,,,,,anonymous,EN,,,Ava,,,,,,,,,,,,,,,,,,,,,,,,,,,,,,,,,,,,,,,,,,,,,,,,,,DT,Conj_Left
2019-05-31 18:02:43,2019-05-31 18:03:16,0,74.14.198.4,12,33,0,2019-05-31 21:22:15,R_SK4N1IOEvj2X1E5,,,,,,,anonymous,EN,,Benjamin,,,,,,,,,,,,,,,,,,,,,,,,,,,,,,,,,,,,,,,,,,,,,,,,,,,DB,Conj_Left
2019-05-31 18:25:35,2019-05-31 18:33:11,0,27.5.116.114,95,455,0,2019-05-31 21:22:15,R_1XJamBJZtv93Gut,,,,,,,anonymous,EN,,,Ava,,,,,,,,1,1,1,2,2,13,83,0,2,50,93,100,2,100,,,,,,,,,,,,,,,,,,,,,,,,,,,,,DB,Conj_Left
2019-05-31 18:11:47,2019-05-31 18:13:17,0,65.29.203.74,73,89,0,2019-05-31 21:22:15,R_3GoLn4obfvc9c6d,,,,,,,anonymous,EN,Emma,,,,,2,1,2,1,2,,,,,,,,,,,,,,,,,,,,,,,,,,,,,,,,,,,,,,,,,,,DT,Conj_Right
2019-05-31 18:33:24,2019-05-31 18:35:09,0,27.5.116.114,18,104,0,2019-05-31 21:22:16,R_3holrNfIqnN6suj,,,,,,,anonymous,EN,Emma,,,,,,,,,,1,1,1,2,2,,,,,,,,,,,,,,,,,,,,,,,,,,,,,,,,,,,,,,DB,Conj_Right
2019-05-31 17:31:30,2019-05-31 17:39:20,0,73.235.248.144,99,470,0,2019-05-31 21:22:16,R_2TC6fIdwu3X12V4,,,,,,,anonymous,EN,,,Ava,,,,,,,,1,1,1,2,2,82,18,0,2,79,23,100,2,76,,,,,,,,,,,,,,,,,,,,,,"The only factor that influenced my decision is that there was no other option.  I find these ""neither is exclusively true, but you have to choose one"" annoying, to be honest.  Adding Schrodinger's E ball did not help things.  That said, good luck with your study.",1,46,2,1,human,2,DB,Conj_Left
2019-05-31 17:17:51,2019-05-31 17:19:33,0,108.254.224.255,6,101,0,2019-05-31 21:22:17,R_1o7MRAeYR8TpA6x,,,,,,,anonymous,EN,,,,,James,,,,,,,,,,,,,,,,,,,,,,,,,,,,,,,,,,,,,,,,,,,,,,,,DT,Conj_Left
2019-05-31 18:52:01,2019-05-31 19:19:25,0,59.96.229.241,94,1644,0,2019-05-31 21:22:17,R_3siV2AaWmt6wYCd,,,,,,,anonymous,EN,,,,,James,2,1,1,2,2,,,,,,,,,,,,,,,,,,,,,,,,,,,,,,,1,1,1,1,2,,,,,,,,DT,Conj_Right
2019-05-31 18:48:10,2019-05-31 18:50:29,0,157.46.22.32,7,139,0,2019-05-31 21:22:17,R_3033RhqNgRnQ8CX,,,,,,,anonymous,EN,,,,,james,,,,,,,,,,,,,,,,,,,,,,,,,,,,,,,,,,,,,,,,,,,,,,,,DT,Conj_Left
2019-05-31 18:02:18,2019-05-31 18:02:52,0,107.77.165.9,12,33,0,2019-05-31 21:22:18,R_DS0s4YngMnSsCWt,,,,,,,anonymous,EN,,Benjamin,,,,,,,,,,,,,,,,,,,,,,,,,,,,,,,,,,,,,,,,,,,,,,,,,,,DB,Conj_Left
2019-05-31 19:03:14,2019-05-31 19:12:38,0,59.96.229.241,94,564,0,2019-05-31 21:22:18,R_2wz9cZ8n6LJ6M9d,,,,,,,anonymous,EN,,,Ava,,,1,1,1,1,1,,,,,,,,,,,,,,,,,,,,,,,,,,,,,,,1,2,1,2,2,,,,,,,,DT,Conj_Right
2019-05-31 17:23:40,2019-05-31 17:24:22,0,45.53.211.52,12,42,0,2019-05-31 21:22:18,R_Bu1htIXljXwfO0N,,,,,,,anonymous,EN,,,,"Noah ",,,,,,,,,,,,,,,,,,,,,,,,,,,,,,,,,,,,,,,,,,,,,,,,,DB,Conj_Left
2019-05-31 18:32:42,2019-05-31 20:05:15,0,74.82.60.78,50,5553,0,2019-05-31 21:22:19,R_3Rsg04rAOmEQVrg,,,,,,,anonymous,EN,Emma,,,,,,,,,,1,1,2,2,2,,,,,,,,,,,,,,,,,,,,,,,,,,,,,,,,,,,,,,DB,Conj_Left
2019-05-31 17:52:26,2019-05-31 17:53:13,0,68.7.154.189,12,46,0,2019-05-31 21:22:20,R_1CpVVK1ab1SQtKK,,,,,,,anonymous,EN,,Benjamin,,,,,,,,,,,,,,,,,,,,,,,,,,,,,,,,,,,,,,,,,,,,,,,,,,,DB,Conj_Right
2019-05-31 19:57:47,2019-05-31 20:05:49,0,12.187.175.212,6,482,0,2019-05-31 21:22:21,R_SIeNGyAEE4hZa6t,,,,,,,anonymous,EN,,Benjamin,,,,,,,,,,,,,,,,,,,,,,,,,,,,,,,,,,,,,,,,,,,,,,,,,,,DT,Conj_Left
2019-05-30 23:51:53,2019-05-31 17:15:11,0,73.162.57.19,95,62597,0,2019-05-31 21:22:34,R_25M8TZIRsdTUyCk,,,,,,,anonymous,EN,,,Ava,,,,,,,,1,1,1,2,2,50,40,53,2,25,65,48,2,,28,,,,,,,,,,,,,,,,,,,,,,,,,,,,DB,Conj_Right
2019-05-31 18:04:31,2019-05-31 18:05:30,0,165.84.231.99,12,58,0,2019-05-31 21:22:34,R_3lzhBoMpIRhy3SK,,,,,,,anonymous,EN,Emma,,,,,,,,,,,,,,,,,,,,,,,,,,,,,,,,,,,,,,,,,,,,,,,,,,,,DB,Conj_Left
2019-05-31 17:34:00,2019-05-31 17:35:34,0,172.74.166.174,6,94,0,2019-05-31 21:22:38,R_D2XZCHQ57RWtNu1,,,,,,,anonymous,EN,,,Ava,,,,,,,,,,,,,,,,,,,,,,,,,,,,,,,,,,,,,,,,,,,,,,,,,,DT,Conj_Left
2019-05-31 18:41:45,2019-05-31 18:44:26,0,65.220.84.142,7,161,0,2019-05-31 21:22:38,R_snWYUI6dSdcUtDr,,,,,,,anonymous,EN,Emma,,,,,,,,,,,,,,,,,,,,,,,,,,,,,,,,,,,,,,,,,,,,,,,,,,,,DT,Conj_Right
2019-05-31 19:27:39,2019-05-31 19:35:18,0,99.48.49.177,99,458,0,2019-05-31 21:22:39,R_qJfEBPEsSRBEmS5,,,,,,,anonymous,EN,,,,,James,1,1,1,2,2,,,,,,,,,,,,,,,,10,89,12,1,11,83,95,2,97,,,,,,,,,,,,"B was more likely to go through the motion block. In this case when E sitting near the gate, B was the only one needed to pass the motion block. In the other situation with E closer to the center of the table, A is needed to make the ball enter the gate. ",1,37,2,1,white,2,DT,Conj_Left
2019-05-31 19:47:14,2019-05-31 20:57:51,0,24.17.252.46,50,4236,0,2019-05-31 21:22:39,R_2f7Y6RuRnfIy74z,,,,,,,anonymous,EN,,,,,James,,,,,,2,2,1,2,2,,,,,,,,,,,,,,,,,,,,,,,,,,,,,,,,,,,,,,DB,Conj_Left
