StartDate,EndDate,Status,IPAddress,Progress,Duration (in seconds),Finished,RecordedDate,ResponseId,RecipientLastName,RecipientFirstName,RecipientEmail,ExternalReference,LocationLatitude,LocationLongitude,DistributionChannel,UserLanguage,Q39,Q40,Q41,Q42,Q43,Check1_1,Check1_2,Check1_3,Check1_4,DT_Ball_A_1,DT_Ball_B_1,DT_Disjunctive_1,Both_Thru_DT,DB_Ball_A_1,DB_Ball_B_1,DB_Disjunctive_1,Both_Thru_DB,A_DarkTop_Left_1,A_DarkTop_Right_1,B_DarkTop_Left_1,B_DarkTop_Right_1,Check2_1,Check2_2,Check2_3,Check2_4,Feedback,Age,Age_1_TEXT,Gender,Race,Race_1_TEXT,Ethnicity,LearnCondition,Condition
Start Date,End Date,Response Type,IP Address,Progress,Duration (in seconds),Finished,Recorded Date,Response ID,Recipient Last Name,Recipient First Name,Recipient Email,External Data Reference,Location Latitude,Location Longitude,Distribution Channel,User Language,"Are you a bot?

 

Liam says to Emma: ""It's a beautiful day, isn't it?""
 

Who is Liam talking to? (case sensitive)","Are you a bot?

 

Mia says to Benjamin: ""It's a beautiful day, isn't it?""
 

Who is Mia talking to? (case sensitive)","Are you a bot?

 

William says to Ava: ""It's a beautiful day, isn't it?""
 

Who is William talking to? (case sensitive)","Are you a bot?

 

Amelia says to Noah: ""It's a beautiful day, isn't it?""
 

Who is Amelia talking to? (case sensitive)","Are you a bot?

 

Evelyn says to James: ""It's a beautiful day, isn't it?""
 

Who is Evelyn talking to? (case sensitive)","Please answer the following questions:

 

If both balls go through the motion block and hit ball E, ball E will go through the gate.","If only one of the balls goes through the motion block and hits ball E, ball E will go through the g",Which motion block is more likely to block a ball?,Are the dark red and the light red motion block at fixed positions (i.e. top and bottom) in the billiard machine?,"How much do you agree with the following statements?



 ""Ball A will hit Ball E"".","""Ball B will hit Ball E"".","""If only one of the two balls goes through the block and hits Ball E then Ball E will go through the gate.""",Which of the following statements better describes what has happened in this situation?,"How much do you agree with the following statements?

 

 ""Ball A will hit Ball E"".","""Ball B will hit Ball E"".","""If only one of the two balls goes through the block and hits Ball E then Ball E will go through the gate.""",Which of the following statements better describes what has happened in this situation?,"Given Ben's decision, which of these two scenes did he see?","Given Ben's decision, which of these two scenes did he see?","Given Ben's decision, which of these two scenes did he see?","Given Ben's decision, which of these two scenes did he see?","Please answer the following questions:

 

If both balls go through the gate and hit ball E, ball E will go through the gate.","If only one of the balls goes through the gate and hits ball E, ball E will go through the gate.",Which motion block is more likely to let a ball go through?,Are the dark red and the light red motion block at fixed positions (i.e. top and bottom) in the billiard machine?,"Thank you for answering these questions. 

 

What factors influenced your decision about which of the two scenes was more likely? Do you have any other comments about the experiment?","Please provide the following demographic information to complete the study. 
 

1. My age is: - Selected Choice","Please provide the following demographic information to complete the study. 
 

1. My age is: - My age in years is - Text",2. Gender,3. Race - Selected Choice,3. Race - I am - Text,Ethnicity,LearnCondition,Condition
"{""ImportId"":""startDate"",""timeZone"":""Europe/London""}","{""ImportId"":""endDate"",""timeZone"":""Europe/London""}","{""ImportId"":""status""}","{""ImportId"":""ipAddress""}","{""ImportId"":""progress""}","{""ImportId"":""duration""}","{""ImportId"":""finished""}","{""ImportId"":""recordedDate"",""timeZone"":""Europe/London""}","{""ImportId"":""_recordId""}","{""ImportId"":""recipientLastName""}","{""ImportId"":""recipientFirstName""}","{""ImportId"":""recipientEmail""}","{""ImportId"":""externalDataReference""}","{""ImportId"":""locationLatitude""}","{""ImportId"":""locationLongitude""}","{""ImportId"":""distributionChannel""}","{""ImportId"":""userLanguage""}","{""ImportId"":""QID59_TEXT""}","{""ImportId"":""QID60_TEXT""}","{""ImportId"":""QID61_TEXT""}","{""ImportId"":""QID62_TEXT""}","{""ImportId"":""QID63_TEXT""}","{""ImportId"":""QID46""}","{""ImportId"":""QID47""}","{""ImportId"":""QID48""}","{""ImportId"":""QID95""}","{""ImportId"":""QID118_1""}","{""ImportId"":""QID119_1""}","{""ImportId"":""QID120_1""}","{""ImportId"":""QID122""}","{""ImportId"":""QID104_1""}","{""ImportId"":""QID110_1""}","{""ImportId"":""QID106_1""}","{""ImportId"":""QID31""}","{""ImportId"":""QID49_1""}","{""ImportId"":""QID52_1""}","{""ImportId"":""QID56_1""}","{""ImportId"":""QID58_1""}","{""ImportId"":""QID79""}","{""ImportId"":""QID80""}","{""ImportId"":""QID81""}","{""ImportId"":""QID96""}","{""ImportId"":""QID39_TEXT""}","{""ImportId"":""QID41""}","{""ImportId"":""QID41_1_TEXT""}","{""ImportId"":""QID42""}","{""ImportId"":""QID43""}","{""ImportId"":""QID43_1_TEXT""}","{""ImportId"":""QID44""}","{""ImportId"":""LearnCondition""}","{""ImportId"":""Condition""}"
2019-05-23 17:08:11,2019-05-23 17:10:53,Survey Preview,,100,162,True,2019-05-23 17:10:54,R_2DUFWUFS5TEgYJC,,,,,37.444305419921875,-122.1497039794921875,preview,EN,Emma,,,,,true,true,"The dark red one  ","No, their position (i.e. top or bottom) in the billiard machine can vary.",,,,,62,59,62,Ball E did go through the gate because ball B did go through the motion block.,,,38,,,,,,test test,Prefer not to say.,,Prefer not to say.,Prefer not to say.,,Prefer not to say.,2,3
2019-05-23 17:33:02,2019-05-23 17:34:49,Survey Preview,,100,107,True,2019-05-23 17:34:50,R_1QnYVlrh7xLj3Pz,,,,,37.444305419921875,-122.1497039794921875,preview,EN,,,,,James,true,true,"The dark red one  ","No, their position (i.e. top or bottom) in the billiard machine can vary.",19,16,27,Ball E did go through the gate because ball B did go through the motion block.,,,,,,,,77,,,,,test test,Prefer not to say.,,Prefer not to say.,Prefer not to say.,,Prefer not to say.,1,4
2019-05-23 17:35:22,2019-05-23 17:37:00,Survey Preview,,100,98,True,2019-05-23 17:37:01,R_3nfsPfwXtrCQ6Fd,,,,,37.444305419921875,-122.1497039794921875,preview,EN,Emma,,,,,true,true,"The dark red one  ","No, their position (i.e. top or bottom) in the billiard machine can vary.",,,,,18,40,33,Ball E did go through the gate because ball B did go through the motion block.,28,,,,,,,,test test,Prefer not to say.,,Prefer not to say.,Prefer not to say.,,Prefer not to say.,2,1
2019-05-23 17:59:08,2019-05-23 18:01:08,IP Address,72.220.195.220,100,119,True,2019-05-23 18:01:09,R_2ux35PPgLLzIZW7,,,,,32.7404937744140625,-117.09349822998046875,anonymous,EN,,,Ava,,,true,true,"The dark red one  ","Yes, they are always at the same top or bottom position in the billiard machine.",,,,,,,,,,,,,true,true,"The light red one  ","No, their position (i.e. top or bottom) in the billiard machine can vary.",,,,,,,,2,1
2019-05-23 18:00:13,2019-05-23 18:03:49,IP Address,73.248.218.167,100,215,True,2019-05-23 18:03:49,R_SVjAIWt6wFDHjpf,,,,,40.088104248046875,-74.11949920654296875,anonymous,EN,,,,,James,true,true,"The dark red one  ","Yes, they are always at the same top or bottom position in the billiard machine.",35,73,99,Ball E did go through the gate because ball B did go through the motion block.,,,,,,,,82,true,true,"The dark red one  ","No, their position (i.e. top or bottom) in the billiard machine can vary.",I assumed that he thought the same way I did about the 80 vs 20%,My age in years is,39,Female,I am,white,Non-Hispanic,1,4
2019-05-23 18:05:35,2019-05-23 18:10:38,IP Address,174.70.72.78,100,303,True,2019-05-23 18:10:39,R_1GEUU8K1dxDlO93,,,,,29.613800048828125,-82.3860015869140625,anonymous,EN,,Benjamin,,,,true,true,"The dark red one  ","No, their position (i.e. top or bottom) in the billiard machine can vary.",91,12,100,Ball E did go through the gate because ball B did go through the motion block.,,,,,,,24,,,,,,,My age in years is,38,Female,I am,White,Non-Hispanic,1,3
2019-05-23 18:11:46,2019-05-23 18:14:27,IP Address,73.189.180.66,100,160,True,2019-05-23 18:14:27,R_3EWk7Cu1Iit6t7s,,,,,37.3303985595703125,-121.7913055419921875,anonymous,EN,,Benjamin,,,,true,false,"The dark red one  ","No, their position (i.e. top or bottom) in the billiard machine can vary.",,,,,,,,,,,,,false,true,"The light red one  ","No, their position (i.e. top or bottom) in the billiard machine can vary.",,,,,,,,2,4
2019-05-23 18:04:42,2019-05-23 18:16:48,IP Address,103.110.238.167,100,725,True,2019-05-23 18:16:50,R_3ku1DmKQSszYyMl,,,,,11.350006103515625,77.733306884765625,anonymous,EN,,,,,James,true,true,"The dark red one  ","Yes, they are always at the same top or bottom position in the billiard machine.",88,56,100,Ball E did go through the gate because ball A did go through the motion block.,,,,,,,85,,true,true,"The dark red one  ","No, their position (i.e. top or bottom) in the billiard machine can vary.","I have focus only red dark motion block. ",My age in years is,33,Male,I am,Asian,Non-Hispanic,1,3
2019-05-23 18:12:18,2019-05-23 18:16:57,IP Address,174.60.204.226,100,278,True,2019-05-23 18:16:57,R_D13k9MRuNQmA9tT,,,,,40.2781982421875,-76.7093963623046875,anonymous,EN,,,,Noah,,true,true,"The dark red one  ","No, their position (i.e. top or bottom) in the billiard machine can vary.",18,59,100,Ball E did go through the gate because ball B did go through the motion block.,,,,,81,,,,,,,,The lighter colored block would be less likely to deflect the ball so that ball would more likely hit ball E,My age in years is,46,Male,I am,white,Non-Hispanic,1,1
2019-05-23 18:19:26,2019-05-23 18:20:41,IP Address,73.124.103.214,100,74,True,2019-05-23 18:20:41,R_2dMxQBpxJyggNCG,,,,,25.99200439453125,-80.27020263671875,anonymous,EN,,,,Noah,,true,false,"The dark red one  ","Yes, they are always at the same top or bottom position in the billiard machine.",,,,,,,,,,,,,true,false,"The dark red one  ","No, their position (i.e. top or bottom) in the billiard machine can vary.",,,,,,,,1,4
2019-05-23 18:19:37,2019-05-23 18:22:15,IP Address,171.49.182.56,100,157,True,2019-05-23 18:22:15,R_2c5G3fITS8obuKZ,,,,,13.0843048095703125,80.280487060546875,anonymous,EN,,,,yes,,,,,,,,,,,,,,,,,,,,,,,,,,,,,,
2019-05-23 18:22:18,2019-05-23 18:22:34,IP Address,157.51.96.250,100,15,True,2019-05-23 18:22:34,R_1GNuRlE5ziqmcNR,,,,,10.990997314453125,76.966705322265625,anonymous,EN,EMMA,,,,,,,,,,,,,,,,,,,,,,,,,,,,,,,,,
2019-05-23 18:22:44,2019-05-23 18:23:48,IP Address,157.51.96.250,100,63,True,2019-05-23 18:23:48,R_3JhmqBmOYw2P6qK,,,,,10.990997314453125,76.966705322265625,anonymous,EN,,,,"It's a beautiful day, isn't it",,,,,,,,,,,,,,,,,,,,,,,,,,,,,,
2019-05-23 18:20:18,2019-05-23 18:23:55,IP Address,75.81.189.192,100,216,True,2019-05-23 18:23:55,R_2CktXlcmRUCsVIF,,,,,32.7808074951171875,-115.5626983642578125,anonymous,EN,,,,Noah,,true,false,"The dark red one  ","No, their position (i.e. top or bottom) in the billiard machine can vary.",,,,,,,,,,,,,false,true,"The dark red one  ","Yes, they are always at the same top or bottom position in the billiard machine.",,,,,,,,1,2
2019-05-23 18:18:48,2019-05-23 18:26:43,IP Address,75.45.61.42,100,475,True,2019-05-23 18:26:44,R_27lfSTOFFlXIFRM,,,,,33.6934051513671875,-84.447998046875,anonymous,EN,,Benjamin,,,,true,true,"The dark red one  ","No, their position (i.e. top or bottom) in the billiard machine can vary.",5,92,100,Ball E did go through the gate because ball B did go through the motion block.,,,,,,89,,,,,,,,My age in years is,29,Male,Prefer not to say.,,Non-Hispanic,1,2
2019-05-23 18:28:46,2019-05-23 18:33:51,IP Address,122.164.229.80,100,305,True,2019-05-23 18:33:52,R_bHoSHk2bZufwi0F,,,,,13.0843048095703125,80.280487060546875,anonymous,EN,,,Ava,,,true,false,"The dark red one  ","Yes, they are always at the same top or bottom position in the billiard machine.",,,,,,,,,,,,,true,false,"The dark red one  ","No, their position (i.e. top or bottom) in the billiard machine can vary.",,,,,,,,2,1
2019-05-23 18:30:57,2019-05-23 18:34:57,IP Address,24.116.102.196,100,239,True,2019-05-23 18:34:57,R_OqaHTORAbLNjMGt,,,,,33.6416015625,-96.61460113525390625,anonymous,EN,,,,Noah,,true,true,"The dark red one  ","No, their position (i.e. top or bottom) in the billiard machine can vary.",,,,,81,20,100,Ball E did go through the gate because ball A did go through the motion block.,,,39,,,,,,It really was a tossup as to which was more important but I thought that the ball going through the light color was more important.,My age in years is,26,Male,I am,white,Non-Hispanic,2,3
2019-05-23 18:33:59,2019-05-23 18:36:08,IP Address,122.164.229.80,100,129,True,2019-05-23 18:36:09,R_115DLKiIK5CkG6R,,,,,13.0843048095703125,80.280487060546875,anonymous,EN,,Benjamin,,,,true,false,"The dark red one  ","Yes, they are always at the same top or bottom position in the billiard machine.",,,,,,,,,,,,,true,true,"The dark red one  ","Yes, they are always at the same top or bottom position in the billiard machine.",,,,,,,,2,1
2019-05-23 18:30:02,2019-05-23 18:37:03,IP Address,67.204.142.123,100,421,True,2019-05-23 18:37:04,R_3JF8aWytTogV69P,,,,,44.01849365234375,-121.29840087890625,anonymous,EN,,Benjamin,,,,true,true,"The dark red one  ","No, their position (i.e. top or bottom) in the billiard machine can vary.",72,25,100,Ball E did go through the gate because ball A did go through the motion block.,,,,,,,,100,,,,,I went based on the probability of the light red block being able to let the ball through with a greater chance.,My age in years is,36,Female,I am,white,Non-Hispanic,1,4
2019-05-23 18:23:45,2019-05-23 18:40:12,IP Address,122.167.185.99,100,987,True,2019-05-23 18:40:12,R_3Jn4EAZrRxuS6Br,,,,,12.983306884765625,77.58331298828125,anonymous,EN,Emma,,,,,true,false,"The light red one  ","Yes, they are always at the same top or bottom position in the billiard machine.",,,,,,,,,,,,,true,false,"The dark red one  ","No, their position (i.e. top or bottom) in the billiard machine can vary.",,,,,,,,2,3
2019-05-23 18:40:16,2019-05-23 18:43:24,IP Address,122.167.185.99,100,188,True,2019-05-23 18:43:25,R_1KiLCbemJV9HFec,,,,,12.983306884765625,77.58331298828125,anonymous,EN,,,Ava,,,true,true,"The light red one  ","Yes, they are always at the same top or bottom position in the billiard machine.",,,,,,,,,,,,,false,true,"The light red one  ","Yes, they are always at the same top or bottom position in the billiard machine.",,,,,,,,2,2
2019-05-23 17:59:32,2019-05-23 18:48:26,IP Address,47.247.246.232,100,2934,True,2019-05-23 18:48:27,R_4GhgHvGczN8jfvr,,,,,23.266693115234375,77.399993896484375,anonymous,EN,Emma,,,,,true,true,"The dark red one  ","No, their position (i.e. top or bottom) in the billiard machine can vary.",22,77,100,Ball E did go through the gate because ball B did go through the motion block.,,,,,,16,,,,,,,I chose the scene which had lighter block for the ball which was mentioned in the sentence by other person who participated in this experiment.,My age in years is,21,Male,I am,indian,Non-Hispanic,1,2
2019-05-23 18:43:26,2019-05-23 18:49:38,IP Address,216.163.1.233,100,371,True,2019-05-23 18:49:38,R_2fI010Lc2iQMIBp,,,,,35.92730712890625,-89.91899871826171875,anonymous,EN,Emma,,,,,true,true,"The dark red one  ","No, their position (i.e. top or bottom) in the billiard machine can vary.",,,,,52,53,100,Ball E did go through the gate because ball A did go through the motion block.,,,,78,,,,,"the position of the B ball and the placement of the red stopping block, i figured it would be more likely that b was not stopped by the light colored stopping block",My age in years is,34,Male,I am,white,Non-Hispanic,2,4
2019-05-23 18:50:00,2019-05-23 18:55:06,IP Address,174.105.25.180,100,306,True,2019-05-23 18:55:07,R_T1nWlaGegEkYgjD,,,,,39.9387969970703125,-83.04630279541015625,anonymous,EN,Emma,,,,,true,true,"The dark red one  ","No, their position (i.e. top or bottom) in the billiard machine can vary.",16,82,100,Ball E did go through the gate because ball B did go through the motion block.,,,,,83,,,,,,,,"I figured since a light block only had a 20% chance of blocking a ball, it will always be more likely that the ball behind will be the one to hit E. Therefore, if I can only choose between A or B hitting E, I chose the one behind the light block even if both balls hit E.",My age in years is,36,Male,I am,White/Caucasian,Non-Hispanic,1,1
2019-05-23 18:36:11,2019-05-23 18:55:40,IP Address,122.164.229.80,100,1168,True,2019-05-23 18:55:40,R_1er4gGMhSSJdzeU,,,,,13.0843048095703125,80.280487060546875,anonymous,EN,Emma,,,,,true,true,"The dark red one  ","Yes, they are always at the same top or bottom position in the billiard machine.",100,0,100,Ball E did go through the gate because ball A did go through the motion block.,,,,,,100,,,true,true,"The dark red one  ","No, their position (i.e. top or bottom) in the billiard machine can vary.",great time take this work.,My age in years is,28,Male,I am,Asian,Non-Hispanic,1,2
2019-05-23 18:55:36,2019-05-23 18:59:56,IP Address,73.175.124.51,100,259,True,2019-05-23 18:59:56,R_2wsfRwlj78CgsrW,,,,,40.322601318359375,-76.40419769287109375,anonymous,EN,,,,,James,true,true,"The dark red one  ","Yes, they are always at the same top or bottom position in the billiard machine.",,,,,,,,,,,,,true,true,"The light red one  ","Yes, they are always at the same top or bottom position in the billiard machine.",,,,,,,,2,4
2019-05-23 18:43:28,2019-05-23 19:00:49,IP Address,122.167.185.99,100,1041,True,2019-05-23 19:00:50,R_paccTvqclSKyn2V,,,,,12.983306884765625,77.58331298828125,anonymous,EN,Emma,,,,,true,true,"The dark red one  ","No, their position (i.e. top or bottom) in the billiard machine can vary.",34,35,65,Ball E did go through the gate because ball A did go through the motion block.,,,,,,,100,,,,,,THE FIRST SCENE WAS MORE LIKELY FOR DECISION BECAUSE FIRST SCENE HAS FULLY CLEAR INSTRUCTIONS TO EASY UNDERSTANDABLE. NICE EXPERIMENT.,My age in years is,27,Male,I am,ASIAN,Prefer not to say.,1,3
2019-05-23 19:00:09,2019-05-23 19:09:42,IP Address,73.175.124.51,100,573,True,2019-05-23 19:09:43,R_Wj0chKf2eSoVt61,,,,,40.322601318359375,-76.40419769287109375,anonymous,EN,,,,,James,true,false,"The dark red one  ","No, their position (i.e. top or bottom) in the billiard machine can vary.",,,,,51,38,58,Ball E did go through the gate because ball A did go through the motion block.,,,64,,true,true,"The dark red one  ","No, their position (i.e. top or bottom) in the billiard machine can vary.",Just probability.,My age in years is,37,Male,I am,White,Non-Hispanic,2,3
2019-05-23 19:29:36,2019-05-23 19:35:28,IP Address,72.133.114.59,100,352,True,2019-05-23 19:35:29,R_1istvvJzctAnrG1,,,,,30.449005126953125,-97.9669036865234375,anonymous,EN,Emma,,,,,true,true,"The dark red one  ","No, their position (i.e. top or bottom) in the billiard machine can vary.",,,,,100,15,100,Ball E did go through the gate because ball A did go through the motion block.,,,,0,,,,,"I think the emphasis on the which ball went through was put on the harder route, the darker motion block.",My age in years is,29,Female,I am,white,Non-Hispanic,2,4
2019-05-23 19:24:50,2019-05-23 19:58:51,IP Address,122.174.189.160,100,2041,True,2019-05-23 19:58:52,R_zZ3AeMGhJ93MPWV,,,,,13.082794189453125,80.219207763671875,anonymous,EN,,,,,James,true,true,"The dark red one  ","No, their position (i.e. top or bottom) in the billiard machine can vary.",,,,,100,100,100,Ball E did go through the gate because ball B did go through the motion block.,,,100,,,,,,great time to spend this.,My age in years is,26,Female,I am,Asian,Non-Hispanic,2,3
2019-05-23 19:57:18,2019-05-23 20:03:53,IP Address,198.53.41.132,100,395,True,2019-05-23 20:03:53,R_poBaB0eptTCktu9,,,,,55.1808013916015625,-118.91030120849609375,anonymous,EN,Emma,,,,,true,true,"The dark red one  ","No, their position (i.e. top or bottom) in the billiard machine can vary.",,,,,76,18,100,Ball E did go through the gate because ball A did go through the motion block.,,23,,,,,,,It was more likely that the answer was chosen for the ball that went through the light block.,My age in years is,24,Male,I am,Caucasian,Non-Hispanic,2,2
2019-05-23 21:36:15,2019-05-23 21:36:57,IP Address,122.174.178.224,100,42,True,2019-05-23 21:36:58,R_2VqJ8iiEdyLuxXP,,,,,13.0843048095703125,80.280487060546875,anonymous,EN,3AJNAQR5WPOTW86DUT5SKVHGRSSHZO,,,,,,,,,,,,,,,,,,,,,,,,,,,,,,,,,
2019-05-23 22:20:09,2019-05-23 22:21:11,IP Address,122.164.108.85,100,61,True,2019-05-23 22:21:11,R_R2Jmewez8gQpp4d,,,,,13.0843048095703125,80.280487060546875,anonymous,EN,,,,,james,true,false,"The dark red one  ","No, their position (i.e. top or bottom) in the billiard machine can vary.",,,,,,,,,,,,,true,false,"The dark red one  ","No, their position (i.e. top or bottom) in the billiard machine can vary.",,,,,,,,1,3
2019-05-23 22:21:19,2019-05-23 22:21:30,IP Address,122.164.108.85,100,10,True,2019-05-23 22:21:30,R_engyufpfKbORRPr,,,,,13.0843048095703125,80.280487060546875,anonymous,EN,emma,,,,,,,,,,,,,,,,,,,,,,,,,,,,,,,,,
2019-05-23 22:21:38,2019-05-23 22:21:45,IP Address,122.164.108.85,100,7,True,2019-05-23 22:21:46,R_2wvq2nbqPGhfp7K,,,,,13.0843048095703125,80.280487060546875,anonymous,EN,,,ava,,,,,,,,,,,,,,,,,,,,,,,,,,,,,,,
2019-05-23 22:21:53,2019-05-23 22:24:07,IP Address,122.164.108.85,100,134,True,2019-05-23 22:24:08,R_2sU3PHeHgvsRpgm,,,,,13.0843048095703125,80.280487060546875,anonymous,EN,,Benjamin,,,,true,false,"The light red one  ","No, their position (i.e. top or bottom) in the billiard machine can vary.",77,90,88,Ball E did go through the gate because ball B did go through the motion block.,,,,,,84,,,true,true,"The dark red one  ","No, their position (i.e. top or bottom) in the billiard machine can vary.",The factors are our decision making in these game.,My age in years is,29,Female,I am,indian,Non-Hispanic,1,2
2019-05-23 22:18:44,2019-05-23 22:19:00,IP Address,73.52.197.219,12,15,False,2019-05-23 22:33:01,R_2vjNSAucB2euncM,,,,,,,anonymous,EN,,,,,James,,,,,,,,,,,,,,,,,,,,,,,,,,,,2,1
2019-05-23 19:16:49,2019-05-23 19:19:05,IP Address,67.245.212.31,12,136,False,2019-05-23 22:33:01,R_3kFBe6i6o3UO8nX,,,,,,,anonymous,EN,,,,Noah,,,,,,,,,,,,,,,,,,,,,,,,,,,,,1,1
2019-05-23 17:49:38,2019-05-23 18:01:57,IP Address,73.162.57.19,17,739,False,2019-05-23 22:33:01,R_3m44UD07Sami6sd,,,,,,,anonymous,EN,,,,Noah,,true,true,"The dark red one  ","No, their position (i.e. top or bottom) in the billiard machine can vary.",,,,,,,,,,,,,,,,,,,,,,,,2,2
2019-05-23 18:13:47,2019-05-23 18:14:20,IP Address,72.24.233.212,10,32,False,2019-05-23 22:33:01,R_2uU7GM3cS79mhcb,,,,,,,anonymous,EN,,,,Noah,,,,,,,,,,,,,,,,,,,,,,,,,,,,,2,2
2019-05-23 18:18:44,2019-05-23 18:19:23,IP Address,98.20.113.94,9,39,False,2019-05-23 22:33:06,R_3kdFnq8daRr0oxn,,,,,,,anonymous,EN,,,,,James,,,,,,,,,,,,,,,,,,,,,,,,,,,,2,1
2019-05-23 19:13:36,2019-05-23 19:54:31,IP Address,189.6.233.67,99,2454,False,2019-05-23 22:33:22,R_3oT9u0v4tTZH3xn,,,,,,,anonymous,EN,,Mia is talking to Benjamin,,,,true,true,"The dark red one  ","No, their position (i.e. top or bottom) in the billiard machine can vary.",,,,,54,23,84,Ball E did go through the gate because ball B did go through the motion block.,,0,,,,,,,"When i choosed the ball B i imagined that the mass of B it was bigger than motion block and the power placed on the ball B it was bigger than ball A.
When i had to choose for Pete i believe he basead at the first explanation and think if the motion block was lighter the ball can pass more easily",My age in years is,28,Male,I am,White,Hispanic,2,2
2019-05-23 18:25:55,2019-05-23 18:26:57,IP Address,71.232.130.176,12,62,False,2019-05-23 22:33:22,R_1P8nWQpcWzPCWbK,,,,,,,anonymous,EN,,,,,James,,,,,,,,,,,,,,,,,,,,,,,,,,,,1,4
2019-05-23 18:18:01,2019-05-23 18:19:00,IP Address,69.76.44.10,7,58,False,2019-05-23 22:33:30,R_Q5ieKwAiLLkxAnD,,,,,,,anonymous,EN,,,,,James,,,,,,,,,,,,,,,,,,,,,,,,,,,,2,3
2019-05-23 18:36:25,2019-05-23 18:39:57,IP Address,96.227.106.123,58,211,False,2019-05-23 22:33:30,R_2z6fOXQxwYDoqUv,,,,,,,anonymous,EN,,,Ava,,,true,true,"The dark red one  ","Yes, they are always at the same top or bottom position in the billiard machine.",,,,,,,,,,,,,true,true,"The light red one  ","Yes, they are always at the same top or bottom position in the billiard machine.",,,,,,,,2,1
2019-05-24 18:56:33,2019-05-24 18:59:08,IP Address,97.94.67.192,100,154,True,2019-05-24 18:59:08,R_3Wa9uuACot8OlYR,,,,,43.1772003173828125,-85.2472991943359375,anonymous,EN,,,Ava,,,true,false,"The dark red one  ","Yes, they are always at the same top or bottom position in the billiard machine.",,,,,,,,,,,,,true,true,"The light red one  ","Yes, they are always at the same top or bottom position in the billiard machine.",,,,,,,,2,4
2019-05-24 18:56:53,2019-05-24 18:59:18,IP Address,103.114.211.86,100,145,True,2019-05-24 18:59:19,R_2PkhTCD47byrf78,,,,,10.990997314453125,76.966705322265625,anonymous,EN,,,,,James,true,false,"The light red one  ","Yes, they are always at the same top or bottom position in the billiard machine.",,,,,,,,,,,,,true,false,"The light red one  ","Yes, they are always at the same top or bottom position in the billiard machine.",,,,,,,,2,4
2019-05-24 18:59:04,2019-05-24 19:02:45,IP Address,24.153.48.30,100,220,True,2019-05-24 19:02:45,R_qPzxV12FzrWfmsV,,,,,38.281097412109375,-77.12599945068359375,anonymous,EN,,,Ava,,,false,false,"The dark red one  ","No, their position (i.e. top or bottom) in the billiard machine can vary.",,,,,,,,,,,,,true,true,"The light red one  ","No, their position (i.e. top or bottom) in the billiard machine can vary.",,,,,,,,2,4
2019-05-24 18:58:48,2019-05-24 19:03:08,IP Address,216.110.214.42,100,259,True,2019-05-24 19:03:08,R_rliNfWCj86MUn8l,,,,,44.83770751953125,-123.2512054443359375,anonymous,EN,Emma,,,,,true,true,"The dark red one  ","No, their position (i.e. top or bottom) in the billiard machine can vary.",23,83,100,Ball E did go through the gate because ball A did go through the motion block.,,,,,,,64,,,,,,"I figured his thought process would be the same as mine which is that the stronger block allowing the ball through was more the cause if I am forced to choose. That said, I didn't really agree that one explanation was better, but that wasn't a choice. both balls/actions contributed equally to the other ball going through the gate.",My age in years is,32,Male,I am,white,Non-Hispanic,1,3
2019-05-24 19:02:57,2019-05-24 19:03:12,IP Address,174.104.13.169,100,14,True,2019-05-24 19:03:12,R_2wypj1vZczvJjjg,,,,,40.8271942138671875,-81.36100006103515625,anonymous,EN,EMMA,,,,,,,,,,,,,,,,,,,,,,,,,,,,,,,,,
2019-05-24 18:56:48,2019-05-24 19:05:35,IP Address,63.224.35.70,100,527,True,2019-05-24 19:05:36,R_9XjBkL1BGXzvDc5,,,,,46.949798583984375,-123.0211944580078125,anonymous,EN,Emma,,,,,true,true,"The dark red one  ","No, their position (i.e. top or bottom) in the billiard machine can vary.",,,,,82,27,100,Ball E did go through the gate because ball B did go through the motion block.,45,,,,,,,,"I thought maybe he picked the way I picked, but I was very unsure.",My age in years is,38,Female,Prefer not to say.,,Non-Hispanic,2,1
2019-05-24 19:03:17,2019-05-24 19:05:46,IP Address,128.249.96.88,100,148,True,2019-05-24 19:05:46,R_331k7v5umtfscvl,,,,,29.7041015625,-95.4010009765625,anonymous,EN,Emma,,,,,true,true,"The dark red one  ","No, their position (i.e. top or bottom) in the billiard machine can vary.",,,,,75,31,100,Ball E did go through the gate because ball B did go through the motion block.,,88,,,,,,,I think you'd be more likely to describe a ball going through a stronger motion block than a weaker one.,My age in years is,26,Female,I am,White and Asian,Non-Hispanic,2,2
2019-05-24 19:03:18,2019-05-24 19:06:05,IP Address,174.104.13.169,100,167,True,2019-05-24 19:06:06,R_1GIGFDi7RxFOjob,,,,,40.8271942138671875,-81.36100006103515625,anonymous,EN,,,Ava,,,true,true,"The dark red one  ","Yes, they are always at the same top or bottom position in the billiard machine.",,,,,,,,,,,,,true,true,"The light red one  ","Yes, they are always at the same top or bottom position in the billiard machine.",,,,,,,,1,1
2019-05-24 19:08:40,2019-05-24 19:08:54,IP Address,157.50.200.61,100,14,True,2019-05-24 19:08:55,R_u2PZ2eOEgT9vQVb,,,,,10.350006103515625,77.95001220703125,anonymous,EN,,,,yes,,,,,,,,,,,,,,,,,,,,,,,,,,,,,,
2019-05-24 19:05:14,2019-05-24 19:09:46,IP Address,71.255.254.182,100,271,True,2019-05-24 19:09:46,R_3D2uRPfusnYv8On,,,,,39.1360931396484375,-77.28240203857421875,anonymous,EN,,,Ava,,,true,true,"The dark red one  ","No, their position (i.e. top or bottom) in the billiard machine can vary.",35,35,100,Ball E did go through the gate because ball A did go through the motion block.,,,,,,50,,,,,,,None. It seem that both balls had an effect on Ball E.,My age in years is,37,Female,I am,asian,Non-Hispanic,1,2
2019-05-24 18:59:24,2019-05-24 19:09:59,IP Address,103.114.211.86,100,635,True,2019-05-24 19:10:00,R_SCaHXrqbeu5TWUh,,,,,10.990997314453125,76.966705322265625,anonymous,EN,Emma,,,,,false,true,"The light red one  ","Yes, they are always at the same top or bottom position in the billiard machine.",,,,,,,,,,,,,false,true,"The light red one  ","No, their position (i.e. top or bottom) in the billiard machine can vary.",,,,,,,,2,1
2019-05-24 19:05:15,2019-05-24 19:10:06,IP Address,190.167.133.83,100,290,True,2019-05-24 19:10:07,R_1i8X2ysyhaROYYs,,,,,18.4656982421875,-69.8939971923828125,anonymous,EN,,,,Noah,,true,true,"The dark red one  ","No, their position (i.e. top or bottom) in the billiard machine can vary.",,,,,100,0,100,Ball E did go through the gate because ball B did go through the motion block.,,,,0,,,,,The visual evidence that I witnessed,My age in years is,29,Male,I am,Hispanic,Hispanic,2,4
2019-05-24 19:09:00,2019-05-24 19:10:39,IP Address,157.50.200.61,100,98,True,2019-05-24 19:10:39,R_3JrbcQ9nBK6R36s,,,,,10.350006103515625,77.95001220703125,anonymous,EN,,,,,james,true,true,"The light red one  ","Yes, they are always at the same top or bottom position in the billiard machine.",,,,,,,,,,,,,false,true,"The dark red one  ","No, their position (i.e. top or bottom) in the billiard machine can vary.",,,,,,,,1,3
2019-05-24 19:10:45,2019-05-24 19:11:03,IP Address,157.50.200.61,100,18,True,2019-05-24 19:11:04,R_DMqUoIaKpDflFcJ,,,,,10.350006103515625,77.95001220703125,anonymous,EN,,benjamin,,,,,,,,,,,,,,,,,,,,,,,,,,,,,,,,
2019-05-24 19:10:05,2019-05-24 19:11:13,IP Address,103.114.211.86,100,67,True,2019-05-24 19:11:13,R_31crntjIH6Ubm5X,,,,,10.990997314453125,76.966705322265625,anonymous,EN,,Benjamin,,,,true,true,"The dark red one  ","Yes, they are always at the same top or bottom position in the billiard machine.",,,,,,,,,,,,,false,true,"The dark red one  ","Yes, they are always at the same top or bottom position in the billiard machine.",,,,,,,,1,1
2019-05-24 19:08:39,2019-05-24 19:12:06,IP Address,70.229.208.176,100,206,True,2019-05-24 19:12:06,R_PNHNjN52o9JyiTD,,,,,38.000396728515625,-121.3105010986328125,anonymous,EN,,,Ava,,,true,true,"The dark red one  ","No, their position (i.e. top or bottom) in the billiard machine can vary.",,,,,89,66,100,Ball E did go through the gate because ball B did go through the motion block.,,,,9,,,,,Because the wording suggests the ball went through something it should have a difficult time going through which says to me that it went through the darker shaded block.,My age in years is,21,Male,I am,White,Non-Hispanic,2,4
2019-05-24 19:08:26,2019-05-24 19:12:55,IP Address,47.223.80.66,100,268,True,2019-05-24 19:12:56,R_1gU6BzGYxi3ttfU,,,,,33.6549072265625,-95.539398193359375,anonymous,EN,,Benjamin,,,,true,true,"The dark red one  ","No, their position (i.e. top or bottom) in the billiard machine can vary.",,,,,87,32,100,Ball E did go through the gate because ball A did go through the motion block.,,79,,,,,,,it was easier for the ball to go through the light red block,My age in years is,39,Male,I am,white,Non-Hispanic,2,2
2019-05-24 19:11:16,2019-05-24 19:17:00,IP Address,68.101.138.220,100,344,True,2019-05-24 19:17:01,R_3Ny8hFsfZubuejJ,,,,,40.1136016845703125,-74.93959808349609375,anonymous,EN,,,Ava,,,true,true,"The dark red one  ","No, their position (i.e. top or bottom) in the billiard machine can vary.",,,,,98,18,100,Ball E did go through the gate because ball A did go through the motion block.,,0,,,,,,,"based entirely on the lighter colored red block, despite the fact that both blocks could fail",My age in years is,34,Male,I am,hispanic,Hispanic,2,2
2019-05-24 19:18:18,2019-05-24 19:24:06,IP Address,141.126.131.90,100,347,True,2019-05-24 19:24:06,R_2bOElDmk3E4fpWO,,,,,43.057098388671875,-89.0861968994140625,anonymous,EN,,Benjamin,,,,true,true,"The dark red one  ","No, their position (i.e. top or bottom) in the billiard machine can vary.",89,22,94,Ball E did go through the gate because ball A did go through the motion block.,,,,,22,,,,,,,,"If Ball A got through the block that was more likely to block it, then it was the one that made Ball E go through the gate",My age in years is,27,Female,I am,White,Non-Hispanic,1,1
2019-05-24 19:21:30,2019-05-24 19:25:23,IP Address,69.117.40.138,100,233,True,2019-05-24 19:25:23,R_3hhgUEY9Tt0mXWp,,,,,40.9447021484375,-73.99210357666015625,anonymous,EN,,Benjamin,,,,true,false,"The dark red one  ","No, their position (i.e. top or bottom) in the billiard machine can vary.",,,,,,,,,,,,,true,true,"The light red one  ","No, their position (i.e. top or bottom) in the billiard machine can vary.",,,,,,,,1,3
2019-05-24 19:27:30,2019-05-24 19:28:32,IP Address,122.174.122.65,100,62,True,2019-05-24 19:28:33,R_2tlG4VIAV0Byok7,,,,,13.0843048095703125,80.280487060546875,anonymous,EN,,Benjamin,,,,true,true,"The light red one  ","Yes, they are always at the same top or bottom position in the billiard machine.",,,,,,,,,,,,,true,false,"The dark red one  ","Yes, they are always at the same top or bottom position in the billiard machine.",,,,,,,,1,1
2019-05-24 19:11:10,2019-05-24 19:30:16,IP Address,157.50.200.61,100,1146,True,2019-05-24 19:30:17,R_Re7fW8ZphlPJWPT,,,,,10.350006103515625,77.95001220703125,anonymous,EN,,Benjamin,,,,true,false,"The light red one  ","Yes, they are always at the same top or bottom position in the billiard machine.",,,,,,,,,,,,,false,true,"The dark red one  ","Yes, they are always at the same top or bottom position in the billiard machine.",,,,,,,,1,3
2019-05-24 19:30:01,2019-05-24 19:30:27,IP Address,122.174.185.122,100,25,True,2019-05-24 19:30:27,R_w77VZV65sGbezdL,,,,,13.0843048095703125,80.280487060546875,anonymous,EN,,,ava,,,,,,,,,,,,,,,,,,,,,,,,,,,,,,,
2019-05-24 19:28:26,2019-05-24 19:31:55,IP Address,72.201.236.176,100,208,True,2019-05-24 19:31:55,R_3NVOBZTMRQHFzaH,,,,,33.398101806640625,-111.785003662109375,anonymous,EN,,,,Noah,,true,true,"The dark red one  ","No, their position (i.e. top or bottom) in the billiard machine can vary.",,,,,88,7,100,Ball E did go through the gate because ball A did go through the motion block.,,,,80,,,,,"The factor that influenced me was where the dark block was located. ",My age in years is,26,Male,I am,White,Non-Hispanic,2,4
2019-05-24 19:28:37,2019-05-24 19:32:01,IP Address,122.174.122.65,100,204,True,2019-05-24 19:32:02,R_SZc31bfA2F6Bdrb,,,,,13.0843048095703125,80.280487060546875,anonymous,EN,,,,,James,true,false,"The dark red one  ","Yes, they are always at the same top or bottom position in the billiard machine.",,,,,,,,,,,,,true,false,"The dark red one  ","No, their position (i.e. top or bottom) in the billiard machine can vary.",,,,,,,,2,3
2019-05-24 19:31:53,2019-05-24 19:32:03,IP Address,174.49.163.171,100,9,True,2019-05-24 19:32:03,R_2xW7qzK63Rh6RlU,,,,,40.17779541015625,-77.2328033447265625,anonymous,EN,,,ava,,,,,,,,,,,,,,,,,,,,,,,,,,,,,,,
2019-05-24 19:30:22,2019-05-24 19:32:29,IP Address,157.50.200.61,100,126,True,2019-05-24 19:32:29,R_2f0x2nCpu7k1XjQ,,,,,10.350006103515625,77.95001220703125,anonymous,EN,,Benjamin,,,,true,true,"The dark red one  ","Yes, they are always at the same top or bottom position in the billiard machine.",,,,,,,,,,,,,true,false,"The dark red one  ","Yes, they are always at the same top or bottom position in the billiard machine.",,,,,,,,2,3
2019-05-24 19:29:37,2019-05-24 19:33:05,IP Address,157.51.96.215,100,208,True,2019-05-24 19:33:06,R_1l5XSLjurucn5CJ,,,,,10.990997314453125,76.966705322265625,anonymous,EN,emma,,,,,,,,,,,,,,,,,,,,,,,,,,,,,,,,,
2019-05-24 19:30:21,2019-05-24 19:33:24,IP Address,96.232.36.173,100,182,True,2019-05-24 19:33:24,R_1OIiBcMi17EBzsT,,,,,40.6208038330078125,-74.0426025390625,anonymous,EN,,,,,James,true,false,"The dark red one  ","No, their position (i.e. top or bottom) in the billiard machine can vary.",,,,,64,65,89,Ball E did go through the gate because ball A did go through the motion block.,,91,,,true,true,"The dark red one  ","No, their position (i.e. top or bottom) in the billiard machine can vary.",The percentage of blocking that the red block would do,My age in years is,31,Female,I am,asian,Non-Hispanic,2,2
2019-05-24 19:33:11,2019-05-24 19:33:34,IP Address,157.51.96.215,100,23,True,2019-05-24 19:33:35,R_Q9t4lsr8gCLqzHb,,,,,10.990997314453125,76.966705322265625,anonymous,EN,,benjamin,,,,,,,,,,,,,,,,,,,,,,,,,,,,,,,,
2019-05-24 19:31:38,2019-05-24 19:34:15,IP Address,174.97.198.32,100,156,True,2019-05-24 19:34:15,R_2EF6CxxqYhnN9ur,,,,,38.211700439453125,-84.5561981201171875,anonymous,EN,,Benjamin,,,,true,true,"The light red one  ","Yes, they are always at the same top or bottom position in the billiard machine.",,,,,,,,,,,,,true,true,"The light red one  ","No, their position (i.e. top or bottom) in the billiard machine can vary.",,,,,,,,2,1
2019-05-24 19:32:05,2019-05-24 19:34:20,IP Address,122.174.122.65,100,135,True,2019-05-24 19:34:21,R_12f439aJaNPPpNd,,,,,13.0843048095703125,80.280487060546875,anonymous,EN,,,,Noah,,true,true,"The dark red one  ","No, their position (i.e. top or bottom) in the billiard machine can vary.",,,,,85,82,67,Ball E did go through the gate because ball A did go through the motion block.,,,,84,,,,,It is good work and very interesting.,My age in years is,28,Male,I am,Asian,Non-Hispanic,2,4
2019-05-24 19:33:40,2019-05-24 19:34:43,IP Address,157.51.96.215,100,62,True,2019-05-24 19:34:44,R_cwEK6EFVSp74EHD,,,,,10.990997314453125,76.966705322265625,anonymous,EN,,,,,evelyn,true,false,"The light red one  ","Yes, they are always at the same top or bottom position in the billiard machine.",,,,,,,,,,,,,false,true,"The dark red one  ","No, their position (i.e. top or bottom) in the billiard machine can vary.",,,,,,,,2,1
2019-05-24 19:34:52,2019-05-24 19:35:01,IP Address,157.51.96.215,100,8,True,2019-05-24 19:35:02,R_AO1JOjDou7Na3Rv,,,,,10.990997314453125,76.966705322265625,anonymous,EN,,mia,,,,,,,,,,,,,,,,,,,,,,,,,,,,,,,,
2019-05-24 19:32:20,2019-05-24 19:36:03,IP Address,174.49.163.171,100,223,True,2019-05-24 19:36:04,R_12av562O8VcYRxc,,,,,40.17779541015625,-77.2328033447265625,anonymous,EN,,,,Noah,,true,true,"The dark red one  ","No, their position (i.e. top or bottom) in the billiard machine can vary.",72,41,56,Ball E did go through the gate because ball A did go through the motion block.,,,,,,,,46,,,,,the position of the dark block and guessing,My age in years is,37,Female,I am,white,Non-Hispanic,1,4
2019-05-24 19:35:07,2019-05-24 19:37:46,IP Address,157.51.96.215,100,159,True,2019-05-24 19:37:47,R_210zxmrXhEqksT3,,,,,10.990997314453125,76.966705322265625,anonymous,EN,,,,,evelyn,false,true,"The dark red one  ","Yes, they are always at the same top or bottom position in the billiard machine.",,,,,74,65,78,Ball E did go through the gate because ball A did go through the motion block.,,75,,,true,true,"The dark red one  ","No, their position (i.e. top or bottom) in the billiard machine can vary.",good,My age in years is,30,Female,I am,asian,Non-Hispanic,2,2
2019-05-24 19:04:33,2019-05-24 19:39:41,IP Address,97.81.164.197,100,2108,True,2019-05-24 19:39:42,R_30oV7XUxYk2R9Ds,,,,,36.1819000244140625,-85.44080352783203125,anonymous,EN,,,Ava,,,true,true,"The dark red one  ","No, their position (i.e. top or bottom) in the billiard machine can vary.",7,8,87,Ball E did go through the gate because ball A did go through the motion block.,,,,,,,,91,,,,,Nothing other than choosing by my gut feeling.,My age in years is,49,Female,I am,White,Non-Hispanic,1,4
2019-05-24 19:15:18,2019-05-24 19:42:58,IP Address,23.118.25.216,100,1660,True,2019-05-24 19:42:58,R_1gBzEESzUr4hLc1,,,,,30.1387939453125,-97.2920989990234375,anonymous,EN,,,,,James,true,true,"The dark red one  ","No, their position (i.e. top or bottom) in the billiard machine can vary.",14,90,99,Ball E did go through the gate because ball B did go through the motion block.,,,,,,,,100,,,,,Which block was on each balls side,My age in years is,35,Female,I am,white,Hispanic,1,4
2019-05-24 19:40:05,2019-05-24 19:44:05,IP Address,104.35.170.65,100,239,True,2019-05-24 19:44:05,R_24GlbNIfu2ryYuq,,,,,34.1483001708984375,-118.0016021728515625,anonymous,EN,,Benjamin,,,,true,true,"The dark red one  ","Yes, they are always at the same top or bottom position in the billiard machine.",,,,,,,,,,,,,true,true,"The light red one  ","No, their position (i.e. top or bottom) in the billiard machine can vary.",,,,,,,,2,3
2019-05-24 19:41:28,2019-05-24 19:49:40,IP Address,71.57.99.79,100,492,True,2019-05-24 19:49:40,R_21mmK0iThBtKakC,,,,,41.7073974609375,-87.9756011962890625,anonymous,EN,Emma,,,,,true,true,"The dark red one  ","No, their position (i.e. top or bottom) in the billiard machine can vary.",,,,,51,51,100,Ball E did go through the gate because ball B did go through the motion block.,,45,,,,,,,"Seeing as the motion blocks had chances of blocking the balls, it was impossible to the answer any of the previous questions before the animation was played. ",My age in years is,42,Male,I am,one of the whites,Non-Hispanic,2,2
2019-05-24 19:46:54,2019-05-24 19:50:09,IP Address,169.156.16.220,100,194,True,2019-05-24 19:50:09,R_1DYJp1S3QRF8TDw,,,,,39.3361053466796875,-76.53890228271484375,anonymous,EN,,,,Noah,,true,true,"The dark red one  ","Yes, they are always at the same top or bottom position in the billiard machine.",,,,,,,,,,,,,true,false,"The dark red one  ","Yes, they are always at the same top or bottom position in the billiard machine.",,,,,,,,1,1
2019-05-24 19:50:52,2019-05-24 19:51:10,IP Address,156.239.2.145,100,18,True,2019-05-24 19:51:11,R_cUsqA8NAiP3Ou8V,,,,,37.751007080078125,-97.82199859619140625,anonymous,EN,,,ava,,,,,,,,,,,,,,,,,,,,,,,,,,,,,,,
2019-05-24 19:51:15,2019-05-24 19:52:27,IP Address,156.239.2.145,100,72,True,2019-05-24 19:52:28,R_1OvIQBKFnt5fwnA,,,,,37.751007080078125,-97.82199859619140625,anonymous,EN,,,,,james,true,false,"The dark red one  ","Yes, they are always at the same top or bottom position in the billiard machine.",,,,,,,,,,,,,true,true,"The light red one  ","No, their position (i.e. top or bottom) in the billiard machine can vary.",,,,,,,,2,2
2019-05-24 19:42:14,2019-05-24 19:53:17,IP Address,122.164.239.10,100,662,True,2019-05-24 19:53:17,R_6gmXPVq92pfXQQ1,,,,,12.6999969482421875,79.983306884765625,anonymous,EN,,,,,james,true,true,"The dark red one  ","No, their position (i.e. top or bottom) in the billiard machine can vary.",,,,,76,83,66,Ball E did go through the gate because ball A did go through the motion block.,,,,86,,,,,EXTREMELY GOOD ONE.,My age in years is,26,Male,I am,ASIAN,Non-Hispanic,2,4
2019-05-24 19:48:39,2019-05-24 19:55:02,IP Address,172.91.4.169,100,382,True,2019-05-24 19:55:02,R_tFHvvp4sw0F0Qcp,,,,,34.08819580078125,-118.32109832763671875,anonymous,EN,,Benjamin,,,,true,true,"The dark red one  ","No, their position (i.e. top or bottom) in the billiard machine can vary.",,,,,71,24,100,Ball E did go through the gate because ball A did go through the motion block.,,,,81,,,,,"I chose the options of the lighter red block, given that there was a higher probability of that happening...even though, in reality, that isn't a great way of determining, since the event depicts both balls going through. However, since that option was unavailable, I chose the way that I did. ",My age in years is,41,Male,I am,Asian,Non-Hispanic,2,4
2019-05-24 19:57:16,2019-05-24 19:57:54,IP Address,157.51.100.155,100,37,True,2019-05-24 19:57:54,R_bKqaXlN3axFuiiZ,,,,,11.649993896484375,78.16668701171875,anonymous,EN,,,,"it's a beautiful day, isn't it?",,,,,,,,,,,,,,,,,,,,,,,,,,,,,,
2019-05-24 19:58:01,2019-05-24 19:58:08,IP Address,157.51.100.155,100,7,True,2019-05-24 19:58:09,R_2zPkhaSPmfvYIPX,,,,,11.649993896484375,78.16668701171875,anonymous,EN,,,ava,,,,,,,,,,,,,,,,,,,,,,,,,,,,,,,
2019-05-24 19:56:23,2019-05-24 20:00:11,IP Address,103.89.64.26,100,228,True,2019-05-24 20:00:12,R_3gY4l9FWav3wsVJ,,,,,10.990997314453125,76.966705322265625,anonymous,EN,,,Ava,,,true,false,"The light red one  ","No, their position (i.e. top or bottom) in the billiard machine can vary.",,,,,,,,,,,,,true,false,"The dark red one  ","Yes, they are always at the same top or bottom position in the billiard machine.",,,,,,,,1,1
2019-05-24 19:55:04,2019-05-24 20:00:27,IP Address,103.114.211.103,100,322,True,2019-05-24 20:00:27,R_2VQQsDYt8okPfpI,,,,,10.990997314453125,76.966705322265625,anonymous,EN,,,,,James,true,true,"The dark red one  ","No, their position (i.e. top or bottom) in the billiard machine can vary.",85,27,63,Ball E did go through the gate because ball A did go through the motion block.,,,,,,,81,,,,,,I choose dark red motion block has an 80% chance of blocking a ball.,My age in years is,29,Male,I am,White,Non-Hispanic,1,3
2019-05-24 19:55:10,2019-05-24 20:00:42,IP Address,122.174.189.89,100,331,True,2019-05-24 20:00:42,R_2usv28ea14gE3Nb,,,,,13.0843048095703125,80.280487060546875,anonymous,EN,,,Ava,,,true,true,"The dark red one  ","No, their position (i.e. top or bottom) in the billiard machine can vary.",72,84,77,Ball E did go through the gate because ball B did go through the motion block.,,,,,,73,,,,,,,the factors that influences my decisions are some of the accurate decisions by me.,My age in years is,28,Male,I am,indian,Non-Hispanic,1,2
2019-05-24 19:59:08,2019-05-24 20:03:27,IP Address,122.174.85.187,100,259,True,2019-05-24 20:03:27,R_3fJMQ6ZHKqnUAcp,,,,,13.0843048095703125,80.280487060546875,anonymous,EN,Emma,,,,,true,true,"The dark red one  ","Yes, they are always at the same top or bottom position in the billiard machine.",,,,,,,,,,,,,true,false,"The light red one  ","Yes, they are always at the same top or bottom position in the billiard machine.",,,,,,,,2,4
2019-05-24 19:56:28,2019-05-24 20:03:29,IP Address,76.107.199.188,100,420,True,2019-05-24 20:03:29,R_24JfCTfDAoCcGaH,,,,,35.2053985595703125,-89.80359649658203125,anonymous,EN,,,,Noah,,true,true,"The dark red one  ","No, their position (i.e. top or bottom) in the billiard machine can vary.",,,,,62,6,68,Ball E did go through the gate because ball A did go through the motion block.,,,17,,,,,,"I'm not really sure about all this. The instructions were really confusing. First it says the blocks are fixed then it says it varies. ",My age in years is,29,Female,I am,white,Hispanic,2,3
2019-05-24 19:57:07,2019-05-24 20:04:37,IP Address,72.80.116.107,100,449,True,2019-05-24 20:04:37,R_1QuRjYZ6YGdhDai,,,,,40.5977935791015625,-74.00009918212890625,anonymous,EN,,,Ava,,,true,true,"The dark red one  ","No, their position (i.e. top or bottom) in the billiard machine can vary.",23,76,100,Ball E did go through the gate because ball B did go through the motion block.,,,,,84,,,,,,,,"Ball E would have gone through the gate even if the the ball behind the dark red motion block had not passed. In my mind, it always made more sense to give credit to the ball behind the light red motion block because it had the higher chance of getting through.",My age in years is,32,Male,I am,East Asian,Non-Hispanic,1,1
2019-05-24 19:56:24,2019-05-24 20:04:45,IP Address,103.89.64.26,100,501,True,2019-05-24 20:04:46,R_3fMBj23RH8pBnLU,,,,,10.990997314453125,76.966705322265625,anonymous,EN,,Benjamin,,,,true,false,"The dark red one  ","No, their position (i.e. top or bottom) in the billiard machine can vary.",,,,,,,,,,,,,true,false,"The light red one  ","Yes, they are always at the same top or bottom position in the billiard machine.",,,,,,,,2,4
2019-05-24 20:03:30,2019-05-24 20:09:41,IP Address,206.74.105.224,100,371,True,2019-05-24 20:09:42,R_2tDmHtinVzTfBoI,,,,,34.3303985595703125,-82.336700439453125,anonymous,EN,,,Ava,,,true,true,"The dark red one  ","No, their position (i.e. top or bottom) in the billiard machine can vary.",26,76,100,Ball E did go through the gate because ball B did go through the motion block.,,,,,50,,,,,,,,"No other factors. It just seems equally likely to say A or B caused it, since they both did, regardless of whether one surmounted greater odds. ",My age in years is,54,Female,I am,white,Non-Hispanic,1,1
2019-05-24 20:07:00,2019-05-24 20:09:52,IP Address,122.174.85.187,100,172,True,2019-05-24 20:09:53,R_2uPBuNb1Hzb6kEB,,,,,13.0843048095703125,80.280487060546875,anonymous,EN,,Benjamin,,,,true,true,"The dark red one  ","No, their position (i.e. top or bottom) in the billiard machine can vary.",,,,,76,65,83,Ball E did go through the gate because ball A did go through the motion block.,,,,77,,,,,good and interesting,My age in years is,28,Male,Prefer not to say.,,Prefer not to say.,2,4
2019-05-24 19:54:27,2019-05-24 20:11:45,IP Address,110.227.245.180,100,1038,True,2019-05-24 20:11:45,R_9p3W1S7wUoKyKo9,,,,,13.0843048095703125,80.280487060546875,anonymous,EN,Emma,,,,,true,true,"The dark red one  ","No, their position (i.e. top or bottom) in the billiard machine can vary.",,,,,77,61,76,Ball E did go through the gate because ball A did go through the motion block.,,,,38,,,,,good and interesting,My age in years is,28,Male,Prefer not to say.,,Prefer not to say.,2,4
2019-05-24 20:09:06,2019-05-24 20:16:56,IP Address,76.217.129.76,100,470,True,2019-05-24 20:16:57,R_20VbDhoOhdvsQbx,,,,,33.0561981201171875,-117.268798828125,anonymous,EN,,,,Noah,,true,true,"The dark red one  ","No, their position (i.e. top or bottom) in the billiard machine can vary.",1,100,100,Ball E did go through the gate because ball B did go through the motion block.,,,,,,0,,,,,,,I made my choice on what Ben was probably seeing based on the clip that I was shown. I chose the ball that had the least resistant block as the one who made the difference to hitting the E ball through the gate. So I just assumed that other people might view it that way as well.,My age in years is,58,Female,I am,Caucasian,Non-Hispanic,1,2
2019-05-24 20:05:17,2019-05-24 20:29:08,IP Address,103.89.64.26,100,1431,True,2019-05-24 20:29:08,R_339KiCzqX2DD6vq,,,,,10.990997314453125,76.966705322265625,anonymous,EN,,,,Noah,,true,true,"The light red one  ","Yes, they are always at the same top or bottom position in the billiard machine.",,,,,,,,,,,,,true,false,"The dark red one  ","No, their position (i.e. top or bottom) in the billiard machine can vary.",,,,,,,,1,1
2019-05-24 20:29:13,2019-05-24 20:31:54,IP Address,103.89.64.26,100,161,True,2019-05-24 20:31:55,R_3QDJIWTbnMViHTT,,,,,10.990997314453125,76.966705322265625,anonymous,EN,,Benjamin,,,,true,false,"The light red one  ","No, their position (i.e. top or bottom) in the billiard machine can vary.",,,,,,,,,,,,,false,true,"The dark red one  ","Yes, they are always at the same top or bottom position in the billiard machine.",,,,,,,,2,4
2019-05-24 20:14:10,2019-05-24 20:33:19,IP Address,122.174.175.174,100,1149,True,2019-05-24 20:33:20,R_1eDem0Ac3AZrFtM,,,,,13.0843048095703125,80.280487060546875,anonymous,EN,,,Ava,,,true,true,"The dark red one  ","No, their position (i.e. top or bottom) in the billiard machine can vary.",43,100,79,Ball E did go through the gate because ball A did go through the motion block.,,,,,,,85,,,,,,I watch the ball moves and to give ratings. it is very interesting.,My age in years is,28,Male,I am,Asian,Non-Hispanic,1,3
2019-05-24 20:31:59,2019-05-24 20:34:20,IP Address,103.89.64.26,100,141,True,2019-05-24 20:34:21,R_3e3q0DYwo2dyHxW,,,,,10.990997314453125,76.966705322265625,anonymous,EN,,Benjamin,,,,true,true,"The dark red one  ","Yes, they are always at the same top or bottom position in the billiard machine.",,,,,,,,,,,,,false,true,"The dark red one  ","Yes, they are always at the same top or bottom position in the billiard machine.",,,,,,,,2,1
2019-05-24 19:58:45,2019-05-24 20:34:41,IP Address,122.174.180.74,100,2155,True,2019-05-24 20:34:41,R_2qg8qbNKEMeBBhQ,,,,,13.0843048095703125,80.280487060546875,anonymous,EN,,Benjamin,,,,true,true,"The dark red one  ","No, their position (i.e. top or bottom) in the billiard machine can vary.",,,,,86,70,81,Ball E did go through the gate because ball A did go through the motion block.,,0,,,,,,,Good move and place. It is good work.,My age in years is,29,Male,I am,Asian,Non-Hispanic,2,2
2019-05-24 20:33:30,2019-05-24 20:35:05,IP Address,122.174.112.179,100,95,True,2019-05-24 20:35:06,R_1dAjHo4rYSk2n33,,,,,13.0843048095703125,80.280487060546875,anonymous,EN,,,Ava,,,true,true,"The dark red one  ","No, their position (i.e. top or bottom) in the billiard machine can vary.",,,,,64,74,65,Ball E did go through the gate because ball A did go through the motion block.,,,84,,,,,,it is interesting study.,My age in years is,28,Male,I am,Asian,Non-Hispanic,2,3
2019-05-24 20:34:26,2019-05-24 20:36:14,IP Address,103.89.64.26,100,108,True,2019-05-24 20:36:14,R_3GjP6GvUCxUiU1f,,,,,10.990997314453125,76.966705322265625,anonymous,EN,,,,Noah,,false,false,"The light red one  ","Yes, they are always at the same top or bottom position in the billiard machine.",,,,,,,,,,,,,false,false,"The dark red one  ","Yes, they are always at the same top or bottom position in the billiard machine.",,,,,,,,1,4
2019-05-24 20:36:20,2019-05-24 20:37:27,IP Address,103.89.64.26,100,67,True,2019-05-24 20:37:28,R_2aXYCymQ2AER0yT,,,,,10.990997314453125,76.966705322265625,anonymous,EN,,,,,James,false,true,"The dark red one  ","Yes, they are always at the same top or bottom position in the billiard machine.",,,,,,,,,,,,,true,true,"The light red one  ","Yes, they are always at the same top or bottom position in the billiard machine.",,,,,,,,2,2
2019-05-24 20:37:39,2019-05-24 20:40:12,IP Address,103.89.64.26,100,152,True,2019-05-24 20:40:12,R_1FfGsgbi1iFoMC3,,,,,10.990997314453125,76.966705322265625,anonymous,EN,,,Ava,,,true,true,"The dark red one  ","Yes, they are always at the same top or bottom position in the billiard machine.",,,,,,,,,,,,,true,false,"The dark red one  ","Yes, they are always at the same top or bottom position in the billiard machine.",,,,,,,,1,3
2019-05-24 20:40:29,2019-05-24 20:41:36,IP Address,103.89.64.26,100,67,True,2019-05-24 20:41:37,R_brPPM3TnqvYdlzr,,,,,10.990997314453125,76.966705322265625,anonymous,EN,,,,Noah,,false,false,"The dark red one  ","Yes, they are always at the same top or bottom position in the billiard machine.",,,,,,,,,,,,,false,true,"The light red one  ","No, their position (i.e. top or bottom) in the billiard machine can vary.",,,,,,,,1,2
2019-05-24 20:41:41,2019-05-24 20:42:34,IP Address,103.89.64.26,100,53,True,2019-05-24 20:42:35,R_3QVRVmstekwSyOh,,,,,10.990997314453125,76.966705322265625,anonymous,EN,,,,Noah,,false,true,"The light red one  ","No, their position (i.e. top or bottom) in the billiard machine can vary.",,,,,,,,,,,,,false,false,"The dark red one  ","No, their position (i.e. top or bottom) in the billiard machine can vary.",,,,,,,,2,3
2019-05-24 20:42:39,2019-05-24 20:43:25,IP Address,103.89.64.26,100,45,True,2019-05-24 20:43:25,R_31dE3XQANm6orZ2,,,,,10.990997314453125,76.966705322265625,anonymous,EN,,Benjamin,,,,false,false,"The light red one  ","No, their position (i.e. top or bottom) in the billiard machine can vary.",,,,,,,,,,,,,true,false,"The dark red one  ","Yes, they are always at the same top or bottom position in the billiard machine.",,,,,,,,2,4
2019-05-24 20:39:35,2019-05-24 20:44:23,IP Address,98.217.23.160,100,287,True,2019-05-24 20:44:23,R_124k52Fdjd5c396,,,,,42.077392578125,-71.0446014404296875,anonymous,EN,,,,,James,true,true,"The dark red one  ","No, their position (i.e. top or bottom) in the billiard machine can vary.",,,,,100,50,100,Ball E did go through the gate because ball A did go through the motion block.,100,,,,,,,,I knew for sure that whatever was with the light red block would have a higher chance of going right thru to hit Ball E.,My age in years is,43,Female,I am,White,Non-Hispanic,2,1
2019-05-24 20:43:28,2019-05-24 20:44:33,IP Address,103.89.64.26,100,65,True,2019-05-24 20:44:33,R_Ui5LMEqKRI8hs0V,,,,,10.990997314453125,76.966705322265625,anonymous,EN,,,,,James,false,false,"The dark red one  ","No, their position (i.e. top or bottom) in the billiard machine can vary.",,,,,,,,,,,,,true,true,"The light red one  ","Yes, they are always at the same top or bottom position in the billiard machine.",,,,,,,,1,1
2019-05-24 20:44:38,2019-05-24 20:45:24,IP Address,103.89.64.26,100,46,True,2019-05-24 20:45:25,R_1Ehchw7ztw7gQk4,,,,,10.990997314453125,76.966705322265625,anonymous,EN,,Benjamin,,,,true,false,"The dark red one  ","Yes, they are always at the same top or bottom position in the billiard machine.",,,,,,,,,,,,,false,true,"The light red one  ","Yes, they are always at the same top or bottom position in the billiard machine.",,,,,,,,2,4
2019-05-24 20:37:54,2019-05-24 20:46:33,IP Address,157.50.7.56,100,518,True,2019-05-24 20:46:33,R_ZktyEX88lNDKpZn,,,,,13.0843048095703125,80.280487060546875,anonymous,EN,,,william,,,,,,,,,,,,,,,,,,,,,,,,,,,,,,,
2019-05-24 20:46:53,2019-05-24 20:48:06,IP Address,157.50.7.56,100,73,True,2019-05-24 20:48:06,R_3j8xYIOHXRhITty,,,,,13.0843048095703125,80.280487060546875,anonymous,EN,lim,,,,,,,,,,,,,,,,,,,,,,,,,,,,,,,,,
2019-05-24 20:48:19,2019-05-24 20:49:10,IP Address,157.50.7.56,100,50,True,2019-05-24 20:49:11,R_1rBVkmDlrk4SfCE,,,,,13.0843048095703125,80.280487060546875,anonymous,EN,liam,,,,,,,,,,,,,,,,,,,,,,,,,,,,,,,,,
2019-05-24 20:50:30,2019-05-24 20:51:51,Spam,157.50.7.56,100,81,True,2019-05-24 20:51:52,R_3h6E9wnAv6ag1Bg,,,,,13.0843048095703125,80.280487060546875,anonymous,EN,liam,,,,,,,,,,,,,,,,,,,,,,,,,,,,,,,,,
2019-05-24 20:52:07,2019-05-24 20:53:31,Spam,157.50.7.56,100,84,True,2019-05-24 20:53:31,R_2VsCMvRml4kxC4u,,,,,13.0843048095703125,80.280487060546875,anonymous,EN,,,william,,,,,,,,,,,,,,,,,,,,,,,,,,,,,,,
2019-05-24 20:53:52,2019-05-24 20:54:41,IP Address,157.50.7.56,100,48,True,2019-05-24 20:54:42,R_1Lpzzh1CpCuP0P0,,,,,13.0843048095703125,80.280487060546875,anonymous,EN,,,,amelia,,,,,,,,,,,,,,,,,,,,,,,,,,,,,,
2019-05-24 20:55:07,2019-05-24 20:56:00,Spam,157.50.7.56,100,53,True,2019-05-24 20:56:01,R_2qsA2qdqXIW7pf0,,,,,13.0843048095703125,80.280487060546875,anonymous,EN,liam,,,,,,,,,,,,,,,,,,,,,,,,,,,,,,,,,
2019-05-24 20:57:12,2019-05-24 21:01:43,IP Address,157.50.7.56,100,270,True,2019-05-24 21:01:43,R_3dEWo4EZIUm2tGd,,,,,13.0843048095703125,80.280487060546875,anonymous,EN,,mia,,,,,,,,,,,,,,,,,,,,,,,,,,,,,,,,
2019-05-24 21:00:25,2019-05-24 21:03:56,IP Address,24.23.115.160,100,210,True,2019-05-24 21:03:56,R_7NBA2q1do4vOfrX,,,,,40.4405059814453125,-79.99559783935546875,anonymous,EN,,,,Noah,,true,true,"The dark red one  ","No, their position (i.e. top or bottom) in the billiard machine can vary.",74,24,100,Ball E did go through the gate because ball A did go through the motion block.,,,,,,90,,,,,,,I tried to go with the higher percentage choices.,My age in years is,37,Male,I am,white,Non-Hispanic,1,2
2019-05-24 20:36:49,2019-05-24 21:07:15,IP Address,191.96.97.58,100,1825,True,2019-05-24 21:07:16,R_1FKaQUNrp2p8Tvt,,,,,53.488006591796875,-113.47969818115234375,anonymous,EN,,,,,James,true,true,"The dark red one  ","Yes, they are always at the same top or bottom position in the billiard machine.",1,97,100,Ball E did go through the gate because ball A did go through the motion block.,,,,,,,,91,true,true,"The dark red one  ","No, their position (i.e. top or bottom) in the billiard machine can vary.",The light red motion block position.,My age in years is,36,Female,I am,Black,Non-Hispanic,1,4
2019-05-24 21:03:13,2019-05-24 21:29:49,IP Address,171.49.200.20,100,1596,True,2019-05-24 21:29:50,R_3ek0KrhSLk3zQru,,,,,13.0843048095703125,80.280487060546875,anonymous,EN,,,,,james,true,true,"The dark red one  ","No, their position (i.e. top or bottom) in the billiard machine can vary.",76,75,92,Ball E did go through the gate because ball B did go through the motion block.,,,,,96,,,,,,,,good work,My age in years is,28,Male,I am,asian,Non-Hispanic,1,1
2019-05-24 19:54:52,2019-05-24 20:10:25,IP Address,103.58.67.18,49,933,False,2019-05-24 22:05:34,R_3gYtnohLu8L0GBg,,,,,,,anonymous,EN,,,,,james,true,false,"The dark red one  ","Yes, they are always at the same top or bottom position in the billiard machine.",,,,,,,,,,,,,,,,,,,,,,,,1,3
2019-05-24 20:05:48,2019-05-24 20:17:30,IP Address,49.207.184.166,99,702,False,2019-05-24 22:05:35,R_BM5v6aI1EnbfRYJ,,,,,,,anonymous,EN,Emma,,,,,true,true,"The dark red one  ","Yes, they are always at the same top or bottom position in the billiard machine.",,,,,19,72,92,Ball E did go through the gate because ball B did go through the motion block.,,,93,,true,true,"The dark red one  ","No, their position (i.e. top or bottom) in the billiard machine can vary.",He discribes that ball E has go through the gate bacause of ball B did.Hence it is obvious that ball B is more likely to block,My age in years is,27,Female,I am,white,Hispanic,2,3
2019-05-24 19:25:29,2019-05-24 19:27:43,IP Address,69.117.40.138,58,133,False,2019-05-24 22:05:37,R_XLhxeTVwTjxsuyt,,,,,,,anonymous,EN,,,,,James,false,true,"The dark red one  ","No, their position (i.e. top or bottom) in the billiard machine can vary.",,,,,,,,,,,,,true,false,"The dark red one  ","No, their position (i.e. top or bottom) in the billiard machine can vary.",,,,,,,,2,2
2019-05-24 19:57:35,2019-05-24 20:01:12,IP Address,70.83.139.17,91,216,False,2019-05-24 22:05:37,R_pizP61ltj1Mv8pb,,,,,,,anonymous,EN,,,,,James,true,true,"The dark red one  ","No, their position (i.e. top or bottom) in the billiard machine can vary.",52,51,100,Ball E did go through the gate because ball A did go through the motion block.,,,,,,,,16,,,,,,,,,,,,1,4
2019-05-24 19:06:58,2019-05-24 19:43:37,IP Address,23.118.25.216,58,2199,False,2019-05-24 22:05:49,R_9HSND5b62noia6R,,,,,,,anonymous,EN,,,,Noah,,true,true,"The dark red one  ","Yes, they are always at the same top or bottom position in the billiard machine.",,,,,,,,,,,,,true,true,"The dark red one  ","Yes, they are always at the same top or bottom position in the billiard machine.",,,,,,,,2,1
2019-05-24 20:01:34,2019-05-24 20:17:05,IP Address,76.217.129.76,58,930,False,2019-05-24 22:05:49,R_2YEpu0AUFQsKExO,,,,,,,anonymous,EN,,,,,James,true,true,"The dark red one  ","Yes, they are always at the same top or bottom position in the billiard machine.",,,,,,,,,,,,,true,true,"The light red one  ","Yes, they are always at the same top or bottom position in the billiard machine.",,,,,,,,2,3
2019-05-24 19:06:10,2019-05-24 19:09:26,IP Address,76.210.185.217,58,196,False,2019-05-24 22:05:49,R_1Pd58NwfdpYPZle,,,,,,,anonymous,EN,,,,Noah,,true,true,"The dark red one  ","Yes, they are always at the same top or bottom position in the billiard machine.",,,,,,,,,,,,,true,true,"The light red one  ","No, their position (i.e. top or bottom) in the billiard machine can vary.",,,,,,,,1,2
2019-05-24 20:33:16,2019-05-24 20:34:21,IP Address,51.37.99.31,10,64,False,2019-05-24 22:05:51,R_p6Jo4gUG2bCf0T7,,,,,,,anonymous,EN,,Benjamin,,,,,,,,,,,,,,,,,,,,,,,,,,,,,,,2,2
2019-05-24 19:03:31,2019-05-24 19:06:39,IP Address,173.63.61.15,49,188,False,2019-05-24 22:05:54,R_3IWvE6Dinebqwqj,,,,,,,anonymous,EN,,,,,James,true,false,"The dark red one  ","Yes, they are always at the same top or bottom position in the billiard machine.",,,,,,,,,,,,,,,,,,,,,,,,1,3
2019-05-24 19:44:25,2019-05-24 19:44:54,IP Address,73.48.80.170,10,29,False,2019-05-24 22:05:54,R_Rk2hHzOaVhxX2x3,,,,,,,anonymous,EN,,,Ava,,,,,,,,,,,,,,,,,,,,,,,,,,,,,,2,1
2019-05-24 19:41:47,2019-05-24 19:48:04,IP Address,71.176.77.12,12,377,False,2019-05-24 22:05:54,R_vHX9wjWZeVjihYl,,,,,,,anonymous,EN,,,Ava,,,,,,,,,,,,,,,,,,,,,,,,,,,,,,2,3
2019-05-24 20:11:57,2019-05-24 20:12:08,IP Address,73.217.119.219,10,11,False,2019-05-24 22:05:54,R_2WvgtI9CFkVSu3v,,,,,,,anonymous,EN,,Benjamin,,,,,,,,,,,,,,,,,,,,,,,,,,,,,,,2,2
2019-05-24 19:13:21,2019-05-24 19:13:54,IP Address,103.114.211.86,49,32,False,2019-05-24 22:05:56,R_3iVfN4LQ26DWPYj,,,,,,,anonymous,EN,,Benjamin,,,,false,false,"The dark red one  ","Yes, they are always at the same top or bottom position in the billiard machine.",,,,,,,,,,,,,,,,,,,,,,,,2,4
2019-05-24 19:11:18,2019-05-24 19:13:21,IP Address,103.114.211.86,58,123,False,2019-05-24 22:05:56,R_3e8nWWUdJfw0mXk,,,,,,,anonymous,EN,Emma,,,,,true,true,"The dark red one  ","Yes, they are always at the same top or bottom position in the billiard machine.",,,,,,,,,,,,,true,false,"The dark red one  ","Yes, they are always at the same top or bottom position in the billiard machine.",,,,,,,,2,2
2019-05-24 19:13:54,2019-05-24 19:17:10,IP Address,103.114.211.86,99,195,False,2019-05-24 22:05:57,R_3m3vvF3QhPMHn5x,,,,,,,anonymous,EN,,,,Noah,,true,true,"The dark red one  ","No, their position (i.e. top or bottom) in the billiard machine can vary.",,,,,73,52,77,Ball E did go through the gate because ball A did go through the motion block.,86,,,,,,,,good,My age in years is,28,Male,I am,White,Non-Hispanic,2,1
2019-05-24 19:55:38,2019-05-24 19:56:31,IP Address,122.174.85.187,49,52,False,2019-05-24 22:05:57,R_UMYH4j5EOmNnnRn,,,,,,,anonymous,EN,,,Ava,,,true,false,"The dark red one  ","Yes, they are always at the same top or bottom position in the billiard machine.",,,,,,,,,,,,,,,,,,,,,,,,2,1
2019-05-24 19:52:27,2019-05-24 19:57:09,IP Address,122.174.85.187,49,281,False,2019-05-24 22:05:57,R_2YlXleX7b7VqJSW,,,,,,,anonymous,EN,,,,Noah,,true,true,"The dark red one  ","Yes, they are always at the same top or bottom position in the billiard machine.",,,,,,,,,,,,,,,,,,,,,,,,2,1
2019-05-24 19:56:35,2019-05-24 19:57:05,Spam,122.174.85.187,49,29,False,2019-05-24 22:05:58,R_sBeVsBtrpTRt4gF,,,,,,,anonymous,EN,,,,Noah,,true,true,"The dark red one  ","Yes, they are always at the same top or bottom position in the billiard machine.",,,,,,,,,,,,,,,,,,,,,,,,1,4
